# chapter|anchor item|branch|title|actions|acceptance|diagnosis
create_workshop|create:speedometer|Передача и нагрузка|Паспорт вращательной сети|Запишите обороты источника, пресса и смесителя. Измерьте каждую точку спидометром; нарисуйте путь вращения от источника к двум машинам.|Три измерения и схема доступны команде.|Если скорость отличается от ожидаемой, проследите каждую пару шестерён; направление и обороты проверяйте отдельно.
create_workshop|create:clutch|Передача и нагрузка|Найти предел мастерской|На учебной ветке подключайте машины по одной, наблюдая нагрузку очками инженера. Сравните сеть при включённой и выключенной муфте; верните рабочий режим.|Назван потребитель, после подключения которого сеть перегружается; отключение ветки восстанавливает работу.|Перегрузка останавливает общую сеть: дополнительные шестерни сами по себе не добавляют мощность.
create_workshop|create:gearshift|Передача и нагрузка|Пульт обслуживания|Разведите сигнал остановки через муфту и сигнал реверса через переключатель. Подпишите рычаги, проверьте их на пустой линии, затем верните материалы.|Другой игрок самостоятельно останавливает и запускает линию по подписям.|Реверс меняет направление, муфта разрывает передачу: проверьте, что кнопки выполняют разные задачи.
create_workshop|create:encased_fan|Обработка и выход|Три режима вентилятора|По JEI выберите по одному доступному рецепту промывки, обжига и копчения. Меняйте среду потока на учебном стенде; храните входы и результаты отдельно.|Получены результаты трёх разных способов обработки; записана среда для каждого.|Если предмет не меняется, проверьте путь воздуха, подходящую среду и рецепт именно этого предмета.
create_workshop|create:crushing_wheel|Обработка и выход|Учесть побочные продукты|Дробите партию одного сырья. Сравните основной и побочные выходы с JEI; выделите место всем результатам, включая редкие.|Вся партия обработана; ни один тип выхода не блокирует следующую загрузку.|Редкий вероятностный выход не обязан появиться в небольшой партии; не подменяйте вероятность гарантией.
create_workshop|create:brass_tunnel|Обработка и выход|Сортировка смешанного потока|Пустите в учебную систему два нужных материала и один посторонний. Настройте фильтры, возврат лишнего и отдельный выход готового продукта.|После теста три типа предметов находятся в предназначенных местах.|Если поток встал, проверьте заполнение приёмников и фильтр на каждом направлении.
create_workshop|create:spout|Серийная сборка|Жидкость ровно к операции|Выберите рецепт носика, запишите расход жидкости на предмет и подготовьте запас на восемь операций. Проверьте поступление жидкости и путь предмета.|Получена партия из восьми результатов; известен необходимый объём жидкости.|Сверяйте конкретный рецепт: заполненный резервуар не означает, что жидкость дошла до носика.
create_workshop|create:deployer|Серийная сборка|Возврат незавершённой детали|Разберите последовательность точного механизма в JEI. Проверьте каждый инструмент деплойера, порядок операций и возврат детали до завершения всех повторов.|Две последовательные партии прошли полный цикл без ручного переноса полуфабриката.|Отдельно сортируйте готовый механизм, незавершённую деталь и побочные выходы сборки.
create_workshop|create:mechanical_arm|Серийная сборка|Снабжение горелки|Настройте подачу подходящего топлива к горелке. Сначала испытайте одну передачу, затем выполните несколько нагретых операций и проследите остаток топлива.|Смеситель выпускает повторную партию, пока горелка получает топливо автоматически.|Если рука не работает, проверьте точки взаимодействия и наличие доступных предметов на входе.
create_workshop|create:precision_mechanism|Серийная сборка|Заказ для соседнего мода|Выберите компонент RS или промышленного перехода, использующий вашу линию Create. Составьте список входов, изготовьте заказ и верните остатки на склад.|Команда получила конкретный заказ; записаны размер партии и ограничивший её ресурс.|Проверяйте изменённые рецепты сборки в JEI: ванильная инструкция может не соответствовать сборке.
botania_supply|botania:mana_pool|Мана под нагрузкой|Баланс поступления и расхода|Отметьте заполнение бассейна до работы, после серии преобразований и после восстановления. Повторите при работающих функциональных цветах.|Сравнены три состояния; ясно, растёт ли запас маны при обычной работе базы.|Предметный бассейн не подтверждает наличие маны; осматривайте установленный блок жезлом.
botania_supply|botania:mana_spreader|Мана под нагрузкой|Проверить каждую связь|Жезлом проверьте привязку генератора к распространителю и распространителя к бассейну. Временно перекройте путь выброса на учебном стенде, затем восстановите его.|После восстановления мана снова поступает в нужный бассейн.|Разделяйте отсутствие генерации, неверную привязку и препятствие на пути выброса.
botania_supply|botania:endoflame|Мана под нагрузкой|Дозатор топлива цветам|Организуйте выдачу подходящего топлива небольшими порциями; исключите постоянное высыпание всего сундука. Наблюдайте несколько циклов.|Топливо поступает по мере работы, запас не лежит бесконтрольной кучей.|Если топливо не принимается, проверьте активный цикл цветка и описание топлива в Лексике.
botania_supply|botania:gourmaryllis|Мана под нагрузкой|Меню генератора|Подготовьте несколько разных блюд, изучите пищевую историю цветка в Лексике и настройте последовательную выдачу. Запишите доступные источники каждого блюда.|Цветок получил разнообразные блюда; кухня умеет восполнить каждый вход.|Повтор одного блюда может снижать пользу; объём склада сам по себе не решает проблему разнообразия.
botania_supply|botania:runic_altar|Руническое ремесло|Четыре стихии серией|Для четырёх стихий выпишите все входы и общий запас маны. Выполните операции по очереди; учитывайте возвращаемые ингредиенты отдельно от расходуемых.|У команды есть полный набор стихий и список пополнения расходников.|Для завершения операции проверьте состояние алтаря, живой камень и действие жезлом.
botania_supply|botania:runic_altar|Руническое ремесло|Руны следующего порядка|Выберите доступную руну, использующую предыдущие руны. Проверьте рецепт, приготовьте ингредиенты и проследите, какие руны возвращаются после операции.|Изготовлена одна составная руна; её расходные и возвратные входы записаны.|Не планируйте расход базовых рун по памяти: проверьте результат конкретного рецепта.
botania_supply|botania:mana_tablet|Мана в хозяйстве|Походный резерв|Изучите режим обмена маны между планшетом и бассейном. Зарядите планшет, испытайте доступный инструмент и верните резерв после похода.|Понятно, какой режим заряжает планшет; запас восстановлен после использования.|Направление обмена переключается у бассейна; проверяйте его перед выдачей резерва союзнику.
botania_supply|botania:hopperhock|Мана в хозяйстве|Возврат ремесленного выхода|Поставьте цветок у небольшой линии. Настройте подходящий режим и фильтрацию по Лексике, проверьте готовый продукт и посторонний предмет.|Нужный продукт возвращается в назначенное хранилище, посторонний не смешивает запас.|Проверьте область действия, доступное хранилище и режим потребления маны выбранного цветка.
botania_supply|botania:agricarnation|Мана в хозяйстве|Огород с измеримым расходом|Сравните одинаковые небольшие грядки с цветком и без него в одинаковых условиях. Наблюдайте расход бассейна и организуйте сбор урожая отдельно.|Записано наблюдение за ростом и расходом маны; урожай пополняет общий запас.|Ускорение роста не выполняет сбор и посадку автоматически; для них нужна отдельная система.
botania_supply|botania:terrasteel_ingot|Руническое ремесло@3|Террасталь без потери партии|После III этапа изучите конструкцию агломерационной плиты, способ передачи маны и требования операции. Отделите ингредиенты одной попытки от общего склада.|Успешно завершена одна операция; записаны устройство площадки и способ пополнения маны.|Если операция прерывается, проверьте конструкцию и доступный запас маны до повторного расхода дорогих входов.
mana_artifice|mna:occulus|Личное развитие|План ступени Occulus|Откройте текущую ступень, выпишите ещё не выполненные требования и их источники в Codex Arcana. Выберите ближайшие три задачи и распределите материалы.|Есть личный план ступени с тремя конкретными действиями.|Командный этап не повышает личную ступень Occulus; эти две прогрессии проверяются отдельно.
mana_artifice|mna:inscription_table|Личное развитие|Партия расходников писца|По JEI и Codex разберите цепочку веллума, чернил и магического пепла. Подготовьте входы для трёх доступных записей, подпишите место хранения.|Материалы подготовлены для трёх записей, а не только для изготовления стола.|Если операция недоступна, проверьте личную ступень и точный тип расходника.
mana_artifice|mna:runescribing_table|Личное развитие|Полный цикл руны|Выберите один доступный рисунок, подготовьте основу и инструмент. Проведите все операции рунописца до готовой руны и сравните результат с рецептом.|Изготовлена нужная руна; команда может повторить цикл по вашей записи.|Рисунок, материал заготовки и операция должны соответствовать друг другу.
mana_artifice|mna:spell_book|Лаборатория заклинаний|Одна переменная за раз|Сохраните простое рабочее заклинание. Измените только форму или один доступный параметр, испытайте на той же цели и сравните применение.|Записано различие двух вариантов с одинаковым остальным составом.|Не меняйте одновременно форму, эффект и усиление: иначе причина различия останется неизвестной.
mana_artifice|mna:spell_book|Лаборатория заклинаний|Мана на весь поход|Измерьте расход серии одинаковых кастов и время восстановления в своём снаряжении. Прикиньте запас для короткой схватки и предусмотрите паузы.|Названо число повторов до нехватки маны и способ восстановления между схватками.|Показатель зависит от вашей сборки персонажа; повторяйте измерение после смены экипировки.
mana_artifice|mna:spell_book|Лаборатория заклинаний|Промах и препятствие|На безопасной площадке испытайте выбранную форму на открытой цели, за препятствием и вне рабочей дистанции. Сравните сообщение и расход.|Для трёх случаев известны результат и возможность безопасного повторения.|Отличайте неподходящую цель от запрета общего этапа и недостатка маны.
mana_artifice|mna:ritual_focus_minor|Ритуалы и помощники|Паспорт ритуальной площадки|Для доступного ритуала выпишите раскладку, фокус, расходные входы и ожидаемый результат. Подпишите ориентацию площадки и проведите ритуал.|Результат получен; второй игрок может подготовить повтор по записи.|Проверяйте каждую позицию по Codex; наличие фокуса не подтверждает правильность структуры.
mana_artifice|mna:construct_workbench|Ритуалы и помощники|Помощник для одной операции|Изучите доступные части конструкта и соберите помощника под одну хозяйственную задачу. Назначьте понятные точки входа и выхода согласно Codex.|Помощник выполняет выбранную операцию на учебной партии.|Проверяйте доступность нужных частей на своей ступени; не собирайте боевого помощника по хозяйственному примеру.
mana_artifice|mna:bell_of_bidding|Ритуалы и помощники|Остановить и переназначить|На учебной партии остановите помощника, измените назначение и снова запустите. Проверьте, где остались переносимые материалы.|Команды остановки и запуска воспроизводятся; материалы не потеряны между задачами.|Если работа не возобновилась, проверьте команду, путь и доступ к назначенным точкам.
mana_artifice|mna:construct_repair_kit|Ритуалы и помощники|Обслуживание помощника|Осмотрите состояние конструкта после работы, выясните доступный способ ремонта и подготовьте резерв деталей или ремонтных комплектов.|Помощник восстановлен доступным способом; резерв лежит у мастерской.|Следуйте способу ремонта именно вашего конструкта и ступени, указанному в Codex.
hex_practice|hexcasting:staff/oak|Отладка стека|Таблица типов|Нарисуйте отдельные последовательности, получающие число, вектор, сущность и список. После каждого шага запишите тип верхнего значения стека.|Четыре примера сопровождаются ожидаемыми типами.|Позиция сущности и сама сущность — разные входы; сверяйте сигнатуру следующего паттерна.
hex_practice|hexcasting:staff/oak|Отладка стека|Программа на бумаге|Выберите короткую рабочую последовательность и запишите состояние стека после каждого паттерна. Повторите рисунок и сравните прогноз с результатом.|Ни один промежуточный шаг не остаётся необъяснённым.|Если результат расходится, ищите первый неверный шаг, а не только последний эффект.
hex_practice|hexcasting:staff/oak|Отладка стека|Восстановить порядок аргументов|На числах и векторах испытайте доступные перестановки и копирование. Подготовьте два входа для одной операции в правильном порядке.|Операция воспроизводится дважды с ожидаемым результатом.|Проверяйте, какой аргумент берётся с вершины первым; правильные типы ещё не гарантируют правильный порядок.
hex_practice|hexcasting:staff/oak|Отладка стека|Разобрать список|По справочнику создайте небольшой список, прочитайте отдельный элемент и сравните список с одним его значением в стеке.|Есть рабочая последовательность создания и чтения списка.|Сверяйте индексацию с руководством; список паттернов и список данных имеют разные применения.
hex_practice|hexcasting:charged_amethyst|Среда и носители|Бюджет программы|Запишите среду до и после нескольких одинаковых безопасных применений. Предусмотрите резерв и остановку до исчерпания аметиста.|Определены расход серии и минимальный походный резерв.|Не проводите тест до опасного исчерпания среды: недостаток может привести к последствиям для заклинателя.
hex_practice|hexcasting:scroll|Среда и носители|Контрольная запись|Перенесите проверенную последовательность на свиток, перечитайте её и сравните с исходной. Дайте союзнику описание необходимых входов.|Сохранённая запись совпадает с исходной и имеет инструкцию по входам.|Свиток с записью не означает, что входные данные уже подготовлены для её выполнения.
hex_practice|hexcasting:cypher|Среда и носители|Выдать инструмент союзнику|Подготовьте допустимый одноразовый носитель простого эффекта. Объясните цель и условия применения, затем испытайте с союзником на учебной площадке.|Союзник применил инструмент по инструкции; записаны расход и способ изготовления замены.|Не используйте для первого теста опасный эффект; учитывайте одноразовость cypher.
hex_practice|hexcasting:trinket|Среда и носители|Повторный запуск носителя|Изготовьте доступный многоразовый носитель и повторите один безопасный эффект несколько раз. Сверьте источник среды с руководством.|Повторные применения работают, понятен способ пополнения запаса.|Если носитель не запускается, проверьте программу, условия цели и доступную среду отдельно.
hex_practice|hexcasting:impetus/redstone|Круги с управлением@6|Один импульс — один опыт|На VI этапе соберите небольшой круг с безопасным эффектом. Подайте одиночный сигнал, затем повторный, наблюдая путь программы.|Два запуска завершились предсказуемо, есть ручное отключение.|Постоянный сигнал и одиночный импульс могут давать разное поведение; проверяйте блок запуска по справочнику.
hex_practice|hexcasting:directrix/redstone|Круги с управлением@6|Проследить развилку|Добавьте управляющий участок круга и испытайте оба состояния сигнала. Запишите порядок посещения рисунков в каждом состоянии.|Для двух состояний известны разные маршруты исполнения.|Если круг обрывается, проверьте направление движения и расположение следующего блока.
spell_supply|irons_spellbooks:inscription_table|Лаборатория книги|Паспорт одного свитка|Выберите доступный свиток. Запишите школу, уровень, редкость, стоимость и откат из подсказки; найдите рецепт и командный этап.|Есть запись параметров конкретного свитка и доступного способа получения.|Уровень и редкость различаются; общие ограничения сборки проверяйте для редкости каста.
spell_supply|irons_spellbooks:inscription_table|Лаборатория книги|Сменить запись осознанно|Используйте учебную книгу с недорогой записью. Перед заменой изучите правила стола записи, освободите инвентарь и проверьте результат операции.|Известно, что произошло со старой записью; нужное заклинание доступно в книге.|Не экспериментируйте на единственной ценной записи: сначала проверьте поведение на учебном экземпляре.
spell_supply|irons_spellbooks:alchemist_cauldron|Чернила и материалы|Проследить чернила до сырья|Выберите нужную ступень чернил, выпишите входы котла и путь получения каждого. Для редких и более высоких ступеней учтите катализатор сборки.|Подготовлена одна полная партия с доступными по этапу ингредиентами.|Если рецепт не принимается, проверьте жидкость, тип чернил, катализатор и условия JEI.
spell_supply|irons_spellbooks:arcane_anvil|Чернила и материалы|План повышения свитка|Прочитайте правила объединения в магической наковальне. Подготовьте совместимые учебные свитки, сравните ожидаемый уровень и расход с результатом.|Проведена одна доступная операция повышения; условия записаны.|Сверяйте совместимость и предельный уровень именно выбранного заклинания.
spell_supply|irons_spellbooks:inscription_table|Лаборатория книги|Откат в реальной ротации|Выберите два доступных заклинания. Испытайте чередование на безопасной площадке и запишите паузы, расход маны и роль обычного оружия между кастами.|Три цикла выполнены без ожидания неизвестного отката; паузы объяснены.|Время из подсказки и фактическая ротация могут отличаться из-за экипировки; измеряйте на своём комплекте.
spell_supply|irons_spellbooks:inscription_table|Лаборатория книги|Дальность, попадание, расход|Сравните применение одного заклинания на близкой цели, далёкой цели и при промахе. Наблюдайте расход и восстановление.|Понятно, когда можно применять выбранную запись и сколько стоит ошибка.|Прямое попадание, взрыв и периодический эффект проверяйте отдельно; не выводите общий урон по одной подсказке.
spell_supply|irons_spellbooks:inscription_table|Командная специализация|Лечение по сигналу|Выберите доступное лечение. Согласуйте сигнал союзника, испытайте его в безопасных условиях и предусмотрите обычную еду на время отката.|Команда знает сигнал и резервный способ восстановления; лечение не применяется без необходимости.|Сильные варианты лечения имеют свои откаты и условия; книга не отменяет их.
spell_supply|irons_spellbooks:inscription_table|Командная специализация|Контроль и окно атаки|Испытайте допустимый контроль на обычной цели вместе с союзником. Согласуйте момент атаки и повторения; отдельно отметьте ограничения цели.|Воспроизведено одно согласованное действие поддержки и атаки.|Не переносите результат с обычного моба на босса: сопротивления и иммунитеты требуют отдельной проверки.
spell_supply|hazennstuff:steel_ingot|Чернила и материалы|Ветка Hazen без смешения металлов|Выберите доступную деталь Hazen, разберите её рецепт и выделите требуемые металлы. Сравните их ID с одноимёнными материалами других модов.|Изготовлена выбранная деталь; ящики подписаны точными материалами.|Тег рецепта может допускать замену, точный ID — нет; проверяйте вход в JEI.
spell_supply|irons_spellbooks:inscription_table|Командная специализация|Походная книга под задачу|Выберите атаку, поддержку и резервный вариант из доступных записей. Испытайте их порядок, подготовьте расходники и согласуйте роль с командой.|Книга собрана под конкретный поход; названы условия применения каждой записи.|Не заполняйте все слоты дорогими кастами: учитывайте общий запас маны и периоды восстановления.
storage|refinedstorage:cable|Надёжная сеть|Паспорт питания склада|Измерьте потребление небольшой сети по интерфейсу контроллера. Подключите ещё одно устройство и сравните, затем проверьте запас источника.|Источник покрывает измеренную нагрузку; записано потребление до и после расширения.|Если терминал погас, проверьте питание контроллера прежде, чем перестраивать кабели.
storage|refinedstorage:external_storage|Надёжная сеть|Приоритет старого склада|Подключите два учебных хранилища с разными приоритетами. Внесите и извлеките небольшой запас одного предмета, проследите его размещение.|Команда знает, в какое хранилище попадает новый запас.|Фильтр и приоритет влияют на размещение; проверяйте оба параметра.
storage|refinedstorage:4k_storage_disk|Надёжная сеть|Остановка без потери диска|Изучите перенос диска по руководству. На небольшой учебной сети остановите питание, перенесите диск в другой дисковод и восстановите доступ.|Тестовый запас снова доступен с прежним количеством.|Содержимое находится на носителе; не разбирайте единственное рабочее хранилище без понимания переноса.
storage|refinedstorage:pattern_grid|Заказы и обработка|Первый заказ с вложенным рецептом|Создайте два совместимых шаблона: промежуточный компонент и изделие из него. Закажите несколько изделий при наличии только сырья.|Заказ изготовил промежуточный компонент и вернул все конечные изделия.|Если нужен полуфабрикат, проверьте наличие его шаблона и совместимость входов.
storage|refinedstorage:interface|Заказы и обработка|Шаблон обработки с точным выходом|Выберите один надёжный машинный рецепт. Запишите количество всех входов и выходов в шаблоне обработки; испытайте заказ одной партии.|Монитор завершил заказ после возврата указанного результата.|Сеть ожидает конкретный выход; неверное количество или NBT может оставить заказ незавершённым.
storage|refinedstorage:crafting_monitor|Заказы и обработка|Разобрать зависший заказ|На учебной линии временно прекратите подачу одного входа. Найдите причину в мониторе, восстановите снабжение и дождитесь завершения.|Назван недостающий вход; заказ завершён после исправления.|Отдельно проверяйте нехватку сырья, отсутствие энергии, заполненный выход и неверную сторону машины.
storage|refinedstorage:interface|Заказы и обработка|Побочный выход станка|Настройте возврат всех продуктов выбранной обработки. Проверьте небольшой заказ и повторный запуск при частично заполненном выходе.|Основной продукт возвращается в сеть, побочный не блокирует станок.|Не включайте вероятностный продукт как гарантированный результат шаблона обработки.
storage|refinedstorage:crafting_upgrade|Надёжная сеть|Запас без бесконечных заказов|Выберите часто расходуемый компонент и настройте небольшой поддерживаемый запас. Извлеките часть и наблюдайте один цикл пополнения.|После пополнения новые заказы прекращаются при достаточном количестве.|Проверьте порог и учёт предметов в буферах; выдача и возврат не должны создавать бесконечный цикл.
storage|refinedstorage:detector|Надёжная сеть|Склад подаёт сигнал мастерской|Настройте детектор на расходуемый материал и свяжите сигнал с понятным индикатором или управлением линии. Испытайте оба состояния порога.|Команда видит нехватку; после пополнения сигнал меняется обратно.|Проверьте направление условия: меньше порога и больше порога решают разные задачи.
storage|refinedstorage:advanced_processor|Заказы и обработка|Командный заказ расширения|Составьте заказ устройств для следующего участка базы. Запустите две небольшие партии, сверяйте дефицит через монитор и возвращайте выходы.|Оба заказа завершены; известна цепочка, ограничившая выпуск.|Сначала исправляйте узкое место снабжения, затем ускоряйте крафтеры.
hbm_industry|hbm_m:steel_ingot|Металлы и оснастка|Карта материалов HBM|Выпишите цепочки стали и продвинутого сплава из действующих рецептов. У каждого входа укажите поставщика: добыча, переработка или соседняя мастерская.|Есть карта двух цепочек с точными ID металлов.|Не подменяйте HBM-материал одноимённым слитком GT без разрешающего тега рецепта.
hbm_industry|hbm_m:stamp_iron_plate|Металлы и оснастка|Оснастка перед металлом|Проверьте доступные операции пресса в JEI. Для железной и медной партии выпишите правильную оснастку, подготовьте её и храните отдельно от сырья.|Получены две партии нужных пластин; оснастка доступна для повторения.|Наличие металла не гарантирует запуск: сначала сопоставьте штамп и операцию.
hbm_industry|hbm_m:plate_steel|Металлы и оснастка|Заказ пластин трёх металлов|Составьте небольшой заказ железных, медных и стальных пластин. Подготовьте партии раздельно и сверяйте фактический выход после смены сырья.|Выполнен заказ трёх металлов, остатки возвращены в подписанные ящики.|Если выход не соответствует плану, проверьте коэффициент рецепта и незавершённую партию предыдущего металла.
hbm_industry|hbm_m:analog_circuit|Электроника сериями|Спецификация аналоговой схемы|Разберите рецепт схемы до металлов и промежуточных деталей. Подготовьте комплект на четыре схемы с учётом размера выхода каждого рецепта.|Получены четыре схемы; составлен список пополнения входов.|Учитывайте размер партии: один запуск операции не всегда равен одному компоненту.
hbm_industry|hbm_m:integrated_circuit|Электроника сериями|Промежуточные детали отдельно|Проследите цепочку интегральной схемы. Выделите места сырью, заготовкам и готовой электронике; изготовьте небольшую учебную партию.|Ни один полуфабрикат не смешан с готовыми схемами; партия завершена.|Проверяйте точный тип детали в следующем рецепте, особенно при похожих значках.
hbm_industry|hbm_m:advanced_circuit|Электроника сериями|Цена развитой схемы|Выпишите полную стоимость одной партии продвинутой электроники через все промежуточные операции. Перед запуском проверьте доступность каждого входа.|Партия изготовлена; назван самый дефицитный материал.|Не расходуйте редкие входы до проверки полного комплекта и доступного способа обработки.
hbm_industry|hbm_m:motor|Электроника сериями|Два независимых заказа|Изготовьте партию моторов и партию схем по отдельным спискам. Используйте общий запас металлов, сохраняя резерв для второго заказа.|Оба заказа завершены, первый не забрал критический запас второго.|Разделяйте общий склад и выделенные входы дорогой партии.
hbm_industry|hbm_m:crate_steel|Металлы и оснастка|Паспорт рабочей зоны|Подпишите места оснастки, металлов и готовых деталей. Запишите доступные операции текущей версии HBM и способ восстановления расходников.|Другой игрок выполняет одну операцию по вашей инструкции.|Проверяйте реальную доступность устройства и рецепта; наличие предмета upstream не подтверждает реализованную работу.
industrial_prep|gtceu:iron_hammer|Подготовка производства|Проследить руду до детали|Выберите раннюю руду и разберите доступные пути обработки в JEI. Сравните ручной и паровой способы, включая побочные продукты.|Есть две схемы обработки и выбран путь для ближайшего заказа.|Более длинная цепочка не всегда выгодна для конкретного сырья; сравнивайте выходы рецептов.
industrial_prep|gtceu:lp_steam_solid_boiler|Паровая эксплуатация|Вода до нагрева|Прочитайте предупреждения котла и труб. Подготовьте устойчивый доступный источник воды и проверьте подачу до загрузки топлива.|Котёл работает при наблюдаемой подаче воды; команда знает штатный способ остановки.|Не испытывайте сухой горячий котёл доливом воды; следуйте предупреждениям конкретной машины.
industrial_prep|gtceu:bronze_normal_fluid_pipe|Паровая эксплуатация|Разделить пар и продукт|Проследите допустимые параметры труб, назначение каждой линии и направление подачи. Подпишите водяную и паровую разводку.|Два станка получают пар, а вода котла идёт своей линией.|Проверяйте пропускную способность и допустимость жидкости; внешне одинаковые трубы могут иметь разные параметры.
industrial_prep|gtceu:lp_steam_macerator|Паровая эксплуатация|Два станка под одной нагрузкой|Запустите измельчение и вторую подходящую операцию одновременно. Наблюдайте запас пара и топлива, затем сравните с раздельным запуском.|Известно, выдерживает ли котёл два станка, и что ограничивает выпуск.|Если оба станка простаивают, проверьте генерацию пара и его распределение, прежде чем менять рецепты.
industrial_prep|gtceu:iron_wrench|Подготовка производства|Стороны машины на стенде|На учебном станке проверьте настройку рабочей стороны и доступные способы извлечения. Подайте одну партию и верните результат в отдельный ящик.|Рецепт проходит без ручного поиска выхода; настройка сторон записана.|Ключ, отвёртка и настройки интерфейса выполняют разные операции; читайте подсказку инструмента.
industrial_prep|gtceu:lv_battery_buffer_4x|Первая сеть@5|Проверка LV перед включением|После V этапа сопоставьте напряжение генератора, буфера, батарей, кабеля и потребителя. Запишите допустимые амперы и проверьте один станок.|Первый электрический рецепт завершён на согласованной по параметрам линии.|Не подключайте более высокое напряжение к неподходящему станку; напряжение и амперы проверяются отдельно.
