# chapter|stable key|branch|prerequisites (@existing item or key)|item goals (~ practice only)|stage|title|actions|acceptance|diagnosis
hbm_industry|1|HBM: запуск|@hbm_m:anvil_iron;@gt_mv/gtceu:mv_machine_hull|hbm_m:anvil_iron|5|Своя металлургическая площадка|Подготовьте железную наковальню по рецепту сборки: корпус MV и стальные пластины GT. Поставьте её у пресса, оставив место для печи и склада. Откройте режимы изготовления и соединения в интерфейсе.|Рабочая наковальня размещена; найдены два разных режима и показан действующий рецепт.|Обычная наковальня Minecraft не заменяет HBM. Этап V открывает корпуса, но их ещё нужно изготовить.
hbm_industry|2|HBM: запуск|1|hbm_m:firebrick*4|5|Огнеупорная подготовка|Проследите огнеупорную глину до fireclay_ball, обожгите четыре шарика в firebrick. Отложите четыре медные пластины HBM и четыре каменных кирпича для корпуса печи.|Четыре огнеупорных кирпича готовы; комплект корпуса собран отдельно.|Обычный кирпич не равен firebrick; проверьте точный ID входа в рецепте наковальни.
hbm_industry|3|HBM: запуск|2;11|hbm_m:blast_furnace|5|Доменная печь HBM|На железной наковальне выберите строительство blast_furnace: 4 медные пластины, 4 каменных кирпича и 4 firebrick. Разместите печь по подсказке блока, найдите два входа рецепта, топливо и выход.|Печь изготовлена и размещена; назначение слотов записано.|Доменная печь GT имеет другую конструкцию. Ингредиент-уголь и топливо печи учитывайте раздельно.
hbm_industry|4|HBM: запуск|3|hbm_m:steel_ingot*8|5|Восемь слитков стали|Выберите steel_from_ingot: железный слиток и предмет из тега coals дают один слиток стали HBM. Подготовьте восемь пар входов и отдельный запас топлива; выполните серию.|Получены восемь слитков стали HBM; партия завершена без потери входов.|Для первого опыта используйте слитки, не руду: у рудных вариантов другое количество выхода.
hbm_industry|5|HBM: запуск|4|hbm_m:red_copper_ingot*8|5|Красная медь по два|В печи соедините медный слиток и редстоун: рецепт red_copper выдаёт два слитка. Выполните четыре операции, отделив запас красной меди от обычной.|В инвентаре восемь слитков красной меди; записаны четыре медных слитка и четыре редстоуна как входы рецепта.|Красная медь и медь не взаимозаменяемы; не перепутайте её с проводом или пластиной.
hbm_industry|6|HBM: запуск|4;5|hbm_m:advanced_alloy_ingot*8|5|Продвинутый сплав без перерасхода|Соедините сталь HBM с красной медью в печи. Одна операция выдаёт два advanced_alloy_ingot; на восемь слитков выделите четыре пары и оставьте остальную сталь на оснастку.|Получены восемь слитков сплава; резерв стали остался в отдельном ящике.|Не загружайте весь запас одной линии; коэффициент выхода здесь равен двум.
hbm_industry|7|HBM: запуск|4|hbm_m:anvil_steel|5|Наковальня следующего уровня|Изготовьте запасную железную наковальню. На железной наковальне выберите соединение anvil_iron и десяти слитков стали HBM в anvil_steel. Разместите результат рядом со старым рабочим местом.|Стальная наковальня готова; сохранён доступ к железному рабочему месту.|Материал корпуса и уровень рецепта — разные условия; для этого соединения нужен режим smithing.
hbm_industry|8|HBM: запуск|6;7|~|5|Повторить металлургический цикл|Выполните ещё один заказ: 8 стали, 8 красной меди и 8 продвинутого сплава. Сначала запишите суммарную потребность с учётом стали и меди, расходуемых внутри сплава; затем проверьте остатки.|Заказ выполнен, а расход в промежуточный сплав учтён отдельно от итоговых восьми слитков.|Складывайте потребность конечных изделий и их полуфабрикатов, не считайте один резерв дважды.
hbm_industry|9|HBM: оснастка|@hbm_m:press;@gt_mv/gtceu:mv_electric_piston|hbm_m:press|5|Пресс после MV|Соберите пресс по рецепту сборки: 6 стальных пластин GT, поршень MV, корпус MV и настроенное ядро. Поставьте его рядом с ящиком штампов; найдите вход оснастки, материала и выход.|Пресс размещён; рецепт сборки и назначения слотов понятны другому игроку.|Рецепт ванильного пресса из внешнего руководства заменён в сборке; используйте текущий JEI.
hbm_industry|10|HBM: оснастка|9|hbm_m:stamp_iron_plate|5|Штамп пластин|Проследите получение железного штампа для пластин в интерфейсе наковальни и JEI. Установите именно оснастку из тега stamps/plate; на одном железном слитке проверьте выпуск пластины.|Получена пластина; штамп доступен для повторного запуска.|Плоская заготовка штампа и готовый plate-штамп — разные предметы; проверяйте применение через U.
hbm_industry|11|HBM: оснастка|10|hbm_m:plate_copper*16|5|Медные пластины для двух цехов|Изготовьте 16 пластин. Разделите их на строительство, печатные платы и резерв; запишите, сколько заберёт следующий заказ PCB.|16 пластин подготовлены и распределены по трём назначениям.|Не забирайте всю медь в стройку: электронная линия использует ту же форму материала.
hbm_industry|12|HBM: оснастка|10;4|hbm_m:plate_steel*16|5|Стальная партия с резервом|Подготовьте 16 стальных пластин HBM. Сравните их применения с пластинами GT, подпишите оба типа и выдавайте на следующий рецепт только подходящий.|Запас двух модов различим по ID; получены 16 пластин HBM.|Одинаковое название металла не означает совпадение тега рецепта.
hbm_industry|13|HBM: оснастка|9|hbm_m:stamp_iron_wire|5|Отдельный штамп проводов|Получите железную оснастку из тега stamps/wire. Запишите порядок смены штампа после завершения партии пластин, оставляя в прессе один вид сырья.|Штамп проводов установлен; прежняя оснастка сохранена в подписанном месте.|Plate-штамп не выполняет операцию wire; сначала закончите и извлеките старый выход.
hbm_industry|14|HBM: оснастка|13|hbm_m:wire_copper*32|5|Четыре слитка — 32 провода|Обработайте четыре медных слитка wire-штампом: рецепт даёт восемь проводов за операцию. Отложите 32 провода для конденсаторов и микросхем.|32 медных провода получены из четырёх входных слитков.|Не применяйте к проводу коэффициент пластин; сравнивайте выход конкретной операции.
hbm_industry|15|HBM: оснастка|13;5|hbm_m:wire_red_copper*48|5|Красная медь для обмоток|Найдите рецепт провода красной меди. Выпустите 48 проводов и разделите их на катушки и моторы до начала сборки.|Подготовлены 48 проводов; выделены запасы двух заказов.|Сверьте коэффициент именно этого рецепта; обычный медный провод не заменяет красный в катушке.
hbm_industry|16|HBM: оснастка|13|hbm_m:wire_tungsten*8|5|Вольфрам для ламп|Найдите доступный источник вольфрамового слитка HBM и обработайте один слиток wire-штампом в восемь проводов. Подготовьте панели стекла для ламп.|Есть восемь проводов HBM и отмечен источник пополнения вольфрама.|Не подставляйте GT-вольфрам без проверки рецепта; сверяйте namespace предмета.
hbm_industry|17|HBM: оснастка|13|hbm_m:wire_carbon*32|5|Неочевидный вход wire_carbon|Откройте wire_carbon: в этом порте вход — свинцовый слиток HBM, выход — восемь проводов. Выполните четыре операции и сохраните образец рецепта для команды.|32 wire_carbon готовы; команда знает, что входом выбран свинец HBM.|Название carbon здесь не является подсказкой сырья; рецепт установленного JAR важнее предположения про уголь.
hbm_industry|18|HBM: оснастка|11;12;14;17|~|5|Четыре смены одной машины|Выполните по небольшой партии медных пластин, стальных пластин, медного провода и wire_carbon. После каждой операции освободите выход, проверьте остатки входа и выберите штамп следующей операции.|Четыре результата различимы; оснастка и остатки возвращены на склад.|Если выходит прежнее изделие, остановитесь и проверьте штамп и остаток материала до добавления нового сырья.
hbm_industry|19|HBM: компоненты|1|hbm_m:insulator*16|5|Изоляторы до электроники|Выберите рецепт изолятора из белой шерсти и нитей или из двух кирпичей; каждый выдаёт четыре. Подготовьте 16 изоляторов, сравнив доступность двух источников.|16 изоляторов изготовлены; выбран воспроизводимый источник.|Обычная шерсть другого цвета не обязательно входит в рецепт; смотрите точный ингредиент.
hbm_industry|20|HBM: компоненты|11;19|hbm_m:pcb*16|5|Четыре операции PCB|Соединяйте изолятор с медной или золотой пластиной по рецепту PCB. Выход одной операции — четыре платы; выполните четыре операции и сохраните золото, если медь доступна.|16 плат готовы из четырёх изоляторов и четырёх подходящих пластин.|Рецепт допускает конкретные альтернативы; не переносите этот выбор на все рецепты схем.
hbm_industry|21|HBM: компоненты|14;19|hbm_m:capacitor*8|5|Конденсаторы с порошком алюминия|Проследите источник aluminum_powder HBM. На один крафт нужны порошок, два изолятора и два подходящих провода; выход — два конденсатора. Подготовьте четыре крафта.|Получены восемь конденсаторов; источник порошка записан.|Слиток алюминия не равен порошку. Проверьте доступный способ обработки до расходования проводов.
hbm_industry|22|HBM: компоненты|16;19|hbm_m:vacuum_tube*8|5|Лампы аналоговой линии|Соберите восемь ламп из вольфрамового провода, стеклянной панели и изолятора. Разделите лампы: четыре для сборщика, остальные для пробного выпуска схем.|Восемь ламп готовы; строительный комплект отделён от расходной партии.|Полный блок стекла не заменяет панель из тега glass_panes.
hbm_industry|23|HBM: компоненты|1|hbm_m:billet_silicon*6|5|Кремниевая заготовка на наковальне|Найдите cinnabar и borax HBM. В режиме соединения железной наковальни одна пара выдаёт три billet_silicon; выполните две операции.|Шесть заготовок получены; обозначены источники киновари и буры.|Кремний RS/GT не заменяет billet_silicon; у каждого материала собственная цепочка.
hbm_industry|24|HBM: компоненты|9;23|hbm_m:stamp_iron_circuit|5|Третий тип штампа|Получите circuit-штамп. Сравните его тег со штампами plate и wire; подпишите все три места хранения и найдите silicon_circuit в JEI.|Circuit-штамп готов; команда может подобрать оснастку для каждой из трёх операций.|Похожий значок не подтверждает принадлежность к stamps/circuit.
hbm_industry|25|HBM: компоненты|24|hbm_m:silicon_circuit*8|5|Кремниевые основы|Подготовьте восемь billet_silicon и обработайте их circuit-штампом. Сравните альтернативное изготовление silicon_circuit на стальной наковальне и выберите путь для серии.|Восемь кремниевых основ готовы; выбран способ повторения.|Основа silicon_circuit ещё не microchip и не integrated_circuit; храните формы отдельно.
hbm_industry|26|HBM: компоненты|25;14;19|hbm_m:microchip*8|5|Восемь микросхем|Для каждого microchip подготовьте silicon_circuit, изолятор и медный либо золотой провод. Соберите восемь штук, не расходуя резерв плат PCB.|Восемь микросхем готовы; отдельно учтены платы и кремниевые основы.|Взаимозаменяемость медного и золотого провода разрешена здесь рецептом, а не общим правилом.
hbm_industry|27|HBM: компоненты|15|hbm_m:coil_copper*8|5|Восемь катушек|Для coil_copper нужны восемь проводов красной меди вокруг железного слитка. Доведите запас проводов до 64 и изготовьте восемь катушек.|Восемь катушек готовы; расход 64 проводов учтён.|Исходных 48 проводов предыдущего заказа недостаточно; сначала пополните запас.
hbm_industry|28|HBM: компоненты|27;10|hbm_m:coil_copper_torus*2|5|Тороидальные катушки|Отложите четыре coil_copper и железную пластину HBM. По рецепту верстака получите два coil_copper_torus, сохранив остальные катушки для моторов.|Два тороида готовы; четыре исходные катушки остались в резерве.|Тороидальная катушка и обычная катушка — разные входы; не списывайте все восемь катушек.
hbm_industry|29|HBM: компоненты|28;15;12|hbm_m:motor*4|5|Моторы парой|Выберите один из двух рецептов мотора с железной или стальной пластиной. Выполните два крафта, каждый с выходом два; выделите два мотора сборщику и два в резерв.|Четыре мотора готовы; выбранный вариант и расход пластин записаны.|У вариантов различается рисунок и количество пластин. Один крафт не равен одному мотору.
hbm_industry|30|HBM: компоненты|20;21;22;26;29|~|5|Полуфабрикаты без дефицита|Составьте ведомость на четыре аналоговые схемы и один сборщик. Учтите, что лампы и моторы идут в строительство, а конденсаторы и платы — в схему; пополните каждый недостающий компонент.|Полный комплект двух заказов собран в разных ящиках.|Восемь конденсаторов хватает на четыре аналоговые схемы, но восьми ламп не хватит одновременно на схемы и корпус.
hbm_industry|31|HBM: сборщик|7;22;29|hbm_m:advanced_assembly_machine|5|Сборщик со стальной наковальни|В режиме construction стальной наковальни выберите advanced_assembly_machine: 4 медные пластины, 8 стали HBM, 2 мотора и 4 лампы. Разместите конструкцию по подсказке её блока.|Сборщик изготовлен и размещён; рабочий интерфейс открывается.|Используйте advanced_assembly_machine, для которого есть рецепт порта; одно наличие другого сборщика в реестре не подтверждает доступность крафта.
hbm_industry|32|HBM: сборщик|31|~|5|Паспорт питания HBM|Откройте интерфейс и подсказки сборщика. Найдите доступный источник и проводку HBM в JEI; подтвердите, что запас энергии машины увеличивается, затем запишите единицы, сторону ввода и способ остановки.|Наблюдается заряд машины; команда знает источник и назначение подключения.|Не соединяйте GT EU, FE и HBM по сходству названий. Совместимость требует работающего преобразования в этой версии.
hbm_industry|33|HBM: сборщик|32;20;21;22;17|hbm_m:analog_circuit|5|Первая аналоговая схема|Выберите analog_circuit в интерфейсе сборщика. Загрузите 2 конденсатора, 3 лампы, 4 wire_carbon и 4 PCB. Проследите питание, ход операции и получение одного выхода.|Одна схема изготовлена работающей машиной; результат забран в инвентарь.|В JSON рецепта duration=80 и power=150. Это параметры HBM, не паспорт потребления GT EU/t.
hbm_industry|34|HBM: сборщик|33|hbm_m:analog_circuit*4|5|Заказ четырёх аналоговых схем|Подготовьте 8 конденсаторов, 12 ламп, 16 wire_carbon и 16 PCB. Выполните четыре операции, учитывая уже имеющуюся схему отдельно от новой партии.|Новая партия из четырёх схем готова; записаны расход и остаток компонентов.|Не путайте четыре схемы в инвентаре с четырьмя новыми операциями: практику проверяйте по ведомости.
hbm_industry|35|HBM: сборщик|32;26;21;20;17|hbm_m:integrated_circuit*2|5|Интегральная партия|Выберите integrated_circuit. На две операции подготовьте 8 wire_carbon, 4 конденсатора, 8 microchip и 8 PCB. Выполните обе и сравните набор входов с аналоговой схемой.|Две интегральные схемы готовы; лампы не расходуются в этом рецепте.|Нужны microchip, а не silicon_circuit. Аналоговая схема не указана входом: это соседняя производственная ветвь.
hbm_industry|36|HBM: сборщик|35|hbm_m:microchip*32|5|Комплект развитой электроники|Разверните стоимость 32 microchip до заготовок, изоляторов и проводов. Подготовьте также 8 wire_carbon, 4 конденсатора и 8 PCB для одной advanced_circuit.|32 микросхемы готовы; весь комплект одной развитой схемы отделён от резерва.|Не требуйте integrated_circuit как вход advanced_circuit: в текущем рецепте используются отдельные microchip.
hbm_industry|37|HBM: сборщик|36|hbm_m:advanced_circuit|5|Одна развитая схема|Выберите advanced_circuit, загрузите комплект предыдущего задания и наблюдайте полный цикл. Зафиксируйте выход; в рецепте duration=120 и power=250, выше параметров аналоговой схемы.|Схема получена; питание выдержало полный цикл без ручного пополнения ингредиентов.|Больший запас энергии не исправляет недостачу 32 микросхем или забитый выход.
hbm_industry|38|HBM: сборщик|34;35;37|~|5|Смена трёх рецептов|Изготовьте по одной аналоговой, интегральной и развитой схеме на одном сборщике. Перед каждой сменой заберите остатки, выберите рецепт и загрузите отдельный комплект.|Три новых выхода получены; остатки не потеряны и относятся к своим заказам.|Проверьте выбранный рецепт в интерфейсе до заполнения всех слотов.
hbm_industry|39|HBM: эксплуатация|38|~|5|Полный выход как причина простоя|На малой партии выясните, куда выходит готовая схема, и настройте приёмник доступным способом. Сравните ручной забор с автоматическим на одном повторе.|Названы рабочая сторона или способ извлечения; вторая операция не блокируется предыдущим выходом.|Сначала проверьте поддерживаемые стороны и фильтр; не считайте любую трубу совместимой с инвентарём машины.
hbm_industry|40|HBM: эксплуатация|39|~|5|Измерить выпуск|Засеките время двух одинаковых небольших партий, записав отдельно подготовку компонентов, ожидание энергии и работу сборщика. Выберите самый медленный участок.|Есть два замера и конкретная причина, ограничивающая выпуск.|Параметр duration в рецепте не равен времени всего заказа с ручным снабжением.
hbm_industry|41|HBM: эксплуатация|40|~|5|Исправить одно узкое место|Улучшите только найденную причину: запас ламп, заготовок, питание или отвод выхода. Повторите заказ того же размера и сравните время и остатки.|Один фактор изменён; результат сравнен на одинаковой партии.|Одновременная перестройка всех участков не позволит понять причину улучшения.
hbm_industry|42|HBM: эксплуатация|41;8|hbm_m:analog_circuit*4;hbm_m:integrated_circuit*2;hbm_m:advanced_circuit;hbm_m:motor*4|5|Итоговый заказ мастерской|Соберите полный заказ: 4 аналоговые, 2 интегральные, 1 развитая схема и 4 мотора. Выпишите общую стоимость компонентов с учётом разных рецептов, изготовьте заказ и сохраните комплект следующей партии.|Весь набор в инвентаре; запас следующей партии выделен и не засчитан в выданный заказ.|Посчитайте микросхемы, лампы и PCB отдельно: развитая схема особенно увеличивает потребность в кремниевой линии.
hbm_industry|43|HBM: эксплуатация|42|~|5|Передать цех другому игроку|Запишите маршрут от сырья через печь, пресс, компоненты и сборщик. Другой игрок по инструкции выполняет одну аналоговую схему, восстанавливает запасы и останавливает линию.|Союзник завершил цикл без устных подсказок; ошибки инструкции исправлены.|Инструкция должна называть точные формы металлов, штампы, рецепт и источник энергии, а не только названия машин.
create_workshop|1|Заказы Create|@create:precision_mechanism|create:precision_mechanism*4||Четыре механизма одним заказом|Подготовьте полный набор входов последовательной сборки на четыре удачных механизма с резервом возможных неудач. Проследите незавершённый предмет через все шаги.|Четыре механизма готовы; записаны циклы, расход и побочные выходы.|Незавершённый механизм нельзя отправлять на склад готовых деталей до конца последовательности.
create_workshop|2|Заказы Create|1|~||Отделить незавершённые детали|Настройте сортировку готовых механизмов, промежуточных предметов и неудачных выходов. Проведите малую партию, проверяя маршрут каждого типа.|Все три категории попадают в подходящие приёмники; незавершённый предмет возвращается на сборку.|Проверьте фильтры и направление лент на пустой линии до подачи дорогих входов.
create_workshop|3|Заказы Create|2|~||Остановка без потери заготовки|На малой партии остановите вращение штатным управлением, отметьте положение заготовки и продолжите процесс. Сверьте число входов и выходов.|Партия завершена после паузы; предметы не потеряны и не дублированы.|Не ломайте деплойеры ради проверки остановки; используйте управление приводом.
create_workshop|4|Заказы Create|3|~||Механизмы для соседнего цеха|Передайте четыре механизма выбранному действующему рецепту соседней ветви. Запишите требуемый запас и повторите выпуск после расходования заказа.|Соседняя ветвь получила детали; производственный резерв восстановлен.|Сначала подтвердите применение в JEI, чтобы не производить ненужный склад.
storage|1|Склад производства|@refinedstorage:pattern_grid|~|5|Один шаблон — один выход|Запишите шаблон доступного промежуточного компонента. Выполните один заказ и сравните выход шаблона с реальным количеством рецепта.|Сеть вернула точное число изделий; шаблон соответствует размеру выхода.|Неверный коэффициент выхода оставляет заказ в ожидании даже при работающем станке.
storage|2|Склад производства|1|~|5|Вложенный заказ|Разверните шаблон конечного компонента через два уровня полуфабрикатов. Закажите одну небольшую партию, наблюдая список недостающих ресурсов.|Заказ завершён; каждый полуфабрикат имеет единственный понятный источник.|Проверьте наличие шаблонов всех уровней и не допускайте замкнутой зависимости рецептов.
storage|3|Склад производства|2|~|5|Склад дефицитных входов|Выделите резерв изоляторов, проводов и плат HBM либо востребованных деталей своей ветви. Сравните общий остаток с количеством, уже выделенным в запущенные заказы.|Команда различает свободный склад и занятые входы заказа.|Показываемое количество не всегда означает свободный ресурс; проверьте задания автокрафта.
storage|4|Склад производства|3|~|5|Заказ после нехватки сырья|На малом обратимом заказе отметьте отсутствующий вход, пополните его и доведите заказ до конца штатным способом. Запишите способ отмены незавершённого заказа.|Причина ожидания найдена; ингредиенты и результат учтены после завершения или отмены.|Сначала прочитайте список недостающего, затем проверяйте станок; не запускайте несколько одинаковых заданий вслепую.
botania_supply|1|Руны для команды|@botania:runic_altar|~||Ведомость четырёх рун|Выберите четыре востребованных рецепта рун в Лексике и JEI. Выпишите ингредиенты, потребность в мане и завершающий шаг алтаря для каждой.|Четыре комплекта разделены; известен запас маны и способ завершения.|Рецепт рунного алтаря отличается от обычного крафта; учитывайте завершение жезлом и живым камнем.
botania_supply|2|Руны для команды|1|~||Четыре разных результата|Выполните выбранные рецепты по одному, восстанавливая ману перед следующей операцией. Верните нерасходуемые элементы, если они остаются после рецепта.|Четыре результата готовы; остатки сверены после каждой операции.|Не переносите правила расхода одной руны на все рецепты; наблюдайте фактический выход.
botania_supply|3|Руны для команды|2;@demo/kubejs:mechanical_core|~||Повторяемые ядра|Найдите действующий рецепт настроенного ядра сборки. Подготовьте руны и механические входы на два ядра; выполните заказ вместе с мастерской Create.|Два ядра изготовлены; поставщики рун и механизмов согласованы.|Ядро связывает ремёсла, но не отменяет командный этап электрического корпуса.
botania_supply|4|Руны для команды|3|~||Восстановить расход маны|После заказа восстановите начальный запас маны штатной генерацией. Сравните время восстановления с временем изготовления и выберите подходящий резерв.|Запас восстановлен; команда знает время до следующего заказа.|Наличие бассейна не подтверждает заполненность; проверяйте состояние жезлом.
hex_practice|1|Hex: отладка|@hexcasting:staff/oak|~||Контракт маленькой программы|Выберите уже освоенный доступный эффект. Запишите входные данные, стек после каждого паттерна, стоимость среды и ожидаемый результат на учебной цели.|Результат предсказан до исполнения; входы и выходы записаны.|Сначала проверяйте типы и порядок данных; общий этап не заменяет знания паттерна.
hex_practice|2|Hex: отладка|1|~||Два разных входа|Выполните программу на двух допустимых учебных входах, каждый раз сверяя стек и результат. Используйте простые эффекты без разрушения базы.|Два результата совпали с прогнозом; стоимость среды отмечена.|Если второй запуск ломается, проверьте оставшиеся данные первого исполнения.
hex_practice|3|Hex: отладка|2|~||Найти ошибку по стеку|На бумаге измените порядок двух входов своей программы, предскажите ошибку и исправьте запись. Исполните только восстановленную рабочую последовательность.|Объяснена причина ошибки типа или порядка; исправленная программа работает.|Не диагностируйте сложный эффект перебором случайных паттернов; разберите стек по шагам.
hex_practice|4|Hex: отладка|3|~||Передать запись союзнику|Сохраните последовательность доступным способом и приложите контракт входов. Союзник воспроизводит два проверенных случая без подсказок.|Запись и инструкция достаточны для повторения другим игроком.|Сохранённый паттерн без описания исходного стека не является полной инструкцией.
mana_artifice|1|M&A: учебный проект|@mna:spell_book|~||Одно заклинание под задачу|Выберите доступную своей ступени задачу и заклинание через Codex Arcana. Запишите личные требования, форму, эффект, компоненты и способ проверки.|Есть спецификация одного доступного заклинания; компоненты подготовлены.|Открытие командного этапа не повышает личную ступень Occulus.
mana_artifice|2|M&A: учебный проект|1|~||Контрольный опыт|Испытайте созданное заклинание на двух одинаковых учебных ситуациях. Запишите расход, время восстановления и результат выбранной задачи.|Два наблюдения сопоставимы; известна цена применения.|Не сравнивайте результаты при разной цели, экипировке и дистанции одновременно.
mana_artifice|3|M&A: учебный проект|2|~||Изменить одну часть|Измените один доступный параметр или компонент заклинания. Повторите прежний опыт и оцените, оправдывает ли польза новый расход.|Есть сравнение до и после одного изменения.|Сверяйте допустимость сочетания в Codex; сложность формы может изменить требования.
mana_artifice|4|M&A: учебный проект|3|~||Роль и комплект пополнения|Подготовьте расходники и инструкцию своего заклинания для следующей экспедиции. Назовите союзникам задачу, ограничения и время повторного применения.|Роль проверена на тренировке; запас и способ пополнения известны.|Не обещайте непрерывную поддержку по одному успешному касту; учитывайте восстановление.
spell_supply|1|Заклинания: практика|@irons_spellbooks:scroll|~||Паспорт одного свитка|Выберите доступный свиток и запишите школу, уровень, ману, время каста и откат. Сверьте редкость с общим этапом и экипировку с условиями сборки.|Свиток доступен для каста; все пять параметров записаны.|Наличие редкого свитка не отменяет ограничения редкости и отдельных эффектов.
spell_supply|2|Заклинания: практика|1|~||Три применения подряд|На учебной площадке трижды примените выбранное заклинание с штатными паузами. Запишите ману после каждого каста и время до четвёртого.|Известна реальная серия применений при своей экипировке.|Описание урона не показывает устойчивость серии; учитывайте регенерацию и откат.
spell_supply|3|Заклинания: практика|2|~||Книга под конкретную роль|Подберите второе доступное заклинание, дополняющее первое. Проверьте переключение, общий расход и ситуацию, когда второе полезнее первого.|Два заклинания используются осознанно; ограничения роли объяснены союзникам.|Не сравнивайте только редкость; учитывайте дальность, время каста и восстановление.
spell_supply|4|Заклинания: практика|3|~||Снабжение после вылазки|Изготовьте востребованные чернила или заменяемый свиток действующим рецептом. Отложите комплект повторения и договоритесь о поставщике входов.|Есть воспроизводимый способ пополнения одного компонента магической роли.|Лутовый источник не гарантирует регулярное снабжение; отделите крафтовую часть от поиска редких находок.
hbm_industry|44|HBM: запуск|3|~|5|Слиток и руда: разные выходы|Сравните steel_from_ingot и steel_from_ore в JEI. Одна пара слиток/уголь даёт одну сталь; руда из тега ores/iron с углём даёт две. Выполните по одной операции, учитывая топливо отдельно.|Оба выхода получены; отмечены два разных коэффициента и источник подходящей руды.|Сырая руда raw_iron не обязана входить в ores/iron. Сначала проверьте точный тег.
hbm_industry|45|HBM: запуск|44|~|5|Угольный блок и порошок|Сравните рудные рецепты с угольным блоком и coal_powder HBM: оба выдают три стали. Посчитайте стоимость получения входов и выберите выгодный доступный маршрут для своей базы.|Записаны три рудных варианта с выходами и полная стоимость одного выбранного.|Одинаковый выход не означает одинаковый расход угля: блок содержит девять единиц, порошок имеет собственную цепочку.
hbm_industry|46|HBM: запуск|6;45|hbm_m:advanced_alloy_ingot*16|5|Сводный заказ сплава|На 16 сплава выделите 8 стали и 8 красной меди. Разверните красную медь до 4 меди и 4 редстоуна; сталь рассчитайте по выбранному доступному маршруту. Изготовьте заказ.|16 сплава готовы; топливо и преобразование металлов посчитаны отдельно.|Входы промежуточных операций нельзя одновременно считать готовым запасом конечного заказа.
hbm_industry|47|HBM: запуск|8;46|~|5|Снабжение плавильной зоны|На двух небольших одинаковых партиях проверьте подачу двух ингредиентов, топлива и забор результата. Сначала подтвердите каждую доступную сторону вручную, затем подключите совместимую логистику.|Две партии прошли; в инструкции названы рабочие стороны и способ обслуживания.|Если транспорт не видит слот, проверьте настройку печи и поддержку инвентаря, прежде чем менять весь маршрут.
hbm_industry|48|HBM: оснастка|10;6|hbm_m:plate_advanced_alloy*8|5|Пластины продвинутого сплава|Plate-штампом обработайте восемь слитков сплава в восемь пластин. Сохраните запас оставшихся слитков для будущих применений.|Восемь пластин готовы; формы сплава разделены.|Рецепт сборщика из трёх слитков даёт две пластины; это другой коэффициент, не замена прессового расчёта.
hbm_industry|49|HBM: оснастка|13|hbm_m:wire_gold*16|5|Золотой провод для приборов|Wire-штампом обработайте два золотых слитка: получите 16 проводов. Выделите отдельные запасы для катушек и приборов.|16 золотых проводов готовы и распределены по двум назначениям.|Золотая пластина не заменяет провод; сначала сверяйте форму в рецепте потребителя.
hbm_industry|50|HBM: оснастка|18;48;49|~|5|Заказ трёх типов оснастки|Составьте заказ из одной партии пластин, одной партии проводов и одной партии кремниевых основ. По очереди смените plate, wire и circuit, освобождая вход и выход после каждого типа.|Три операции выполнены без смешивания оснастки; смена записана как отдельный шаг обслуживания.|Сначала проверьте наличие billet_silicon и circuit-штампа в ветке компонентов; количество предметов не заменяет готовую оснастку.
hbm_industry|51|HBM: оснастка|50;24|~|5|Резерв оснастки|Проверьте состояние трёх рабочих штампов до и после малой партии. Запишите фактический расход или износ и подготовьте доступный запасной комплект на случай остановки.|Известна реальная судьба каждого штампа; команда знает способ замены.|Не предполагайте расходование или вечность инструмента по рецепту: наблюдайте поведение установленного порта.
hbm_industry|52|HBM: компоненты|19|hbm_m:insulator*32|5|Два источника изоляторов|Сравните рецепты шерсть/нити и два кирпича. Рассчитайте восемь операций на 32 изолятора и выберите возобновляемое снабжение без редких материалов.|32 изолятора готовы; источник пополнения выбран по доступности команды.|Дешёвый единичный рецепт может быть неудобен для серии; учитывайте ферму шерсти или обжиг кирпича.
hbm_industry|53|HBM: компоненты|20;52|hbm_m:pcb*32|5|Платы двумя партиями|Выполните два заказа по 16 PCB, сохраняя отдельный запас изоляторов между ними. Сверьте четыре платы за крафт и потребность в пластинах.|32 платы готовы; вторая партия не зависела от случайного остатка первой.|Считайте операции по размеру выхода, а не по числу требуемых плат.
hbm_industry|54|HBM: компоненты|21;52|hbm_m:capacitor*16|5|Конденсаторы для большой серии|Подготовьте восемь крафтов: 8 aluminum_powder, 16 изоляторов и 16 подходящих проводов. Получите 16 конденсаторов, сравнив доступные провода в JEI.|16 конденсаторов готовы; исходный порошок учтён отдельной цепочкой.|Алюминиевый порошок и слиток не взаимозаменяемы; альтернативы проводов определяет этот рецепт.
hbm_industry|55|HBM: компоненты|25;26;52|hbm_m:microchip*32|5|Кремний серийно|Разверните 32 microchip до 32 кремниевых основ, 32 изоляторов и 32 подходящих проводов. Подготовьте заготовки и circuit-штамп до подачи партии.|32 микросхемы готовы; запас каждой формы кремния учтён.|Платы PCB и silicon_circuit имеют разные назначения; похожий значок не разрешает замену.
hbm_industry|56|HBM: компоненты|49|hbm_m:coil_gold*2|5|Золотые катушки|Соедините восемь золотых проводов вокруг железного слитка для каждой coil_gold. На две катушки используйте 16 проводов.|Две золотые катушки готовы; стоимость в проводах записана.|Ни обычная медная катушка, ни красномедный провод не заменяют золотой вход этого рецепта.
hbm_industry|57|HBM: компоненты|56;7|hbm_m:coil_gold_torus*2|5|Два пути тороидальной катушки|На верстаке четыре золотые катушки и железная пластина дают два тороида. На стальной наковальне две катушки дают один. Выберите доступный путь на два изделия и изготовьте их.|Два золотых тороида готовы; сравнение включает расход пластин и число операций.|Рецепты дают разный размер партии; два тороида на наковальне требуют две операции.
hbm_industry|58|HBM: компоненты|29|~|5|Мотор: железный или стальной путь|Сравните motor1 и motor2: оба дают два мотора, но отличаются рисунком и числом пластин. Изготовьте по одному крафту каждого варианта и сверяйте итоговые четыре мотора.|Оба варианта испытаны; выбран путь для серийного запаса.|Не переносите рисунок железного варианта на стальной; открывайте именно выбранный рецепт.
hbm_industry|59|HBM: сборщик|34;53;54|hbm_m:analog_circuit*8|5|Восемь аналоговых схем|Подготовьте 16 конденсаторов, 24 лампы, 32 wire_carbon и 32 PCB. Выделите энергию под полный заказ и изготовьте восемь схем.|Новая партия из восьми схем готова; комплект следующего заказа не расходован.|Этот заказ не требует микросхем. При дефиците проверьте лампы и wire_carbon, а не интегральную ветвь.
hbm_industry|60|HBM: сборщик|35;53;54;55|hbm_m:integrated_circuit*4|5|Четыре интегральные схемы|На четыре операции выделите 16 wire_carbon, 8 конденсаторов, 16 microchip и 16 PCB. Завершите заказ и верните остатки в их буферы.|Четыре схемы готовы; микросхемы и платы учтены раздельно.|Лампы не входят в этот рецепт; не загружайте аналоговый комплект вместо интегрального.
hbm_industry|61|HBM: сборщик|37;55|hbm_m:advanced_circuit*2|5|Две развитые схемы|На две операции подготовьте 16 wire_carbon, 8 конденсаторов, 64 microchip и 16 PCB. Соберите полный комплект до запуска и выполните две операции.|Две схемы готовы; 64 микросхемы действительно были выделены заказу.|Одна учебная партия на 32 микросхемы покрывает только одну развитую схему; сначала восстановите кремниевый запас.
hbm_industry|62|HBM: сборщик|38;59;60;61|~|5|Новая очередь заказов|Последовательно выполните малую аналоговую, интегральную и развитую партии. Перед сменой сверьте рецепт, остатки, свободный выход и энергетический запас.|Три заказа закрыты в назначенном порядке; выделенные комплекты не смешаны.|Не запускайте следующий заказ до сверки остатков предыдущего: общие компоненты скрывают ошибку комплектации.
hbm_industry|63|HBM: эксплуатация|35;49;12|hbm_m:geiger_counter|5|Счётчик Гейгера|Разберите geiger3: 3 золотых слитка, интегральная схема, 2 золотых провода, 2 бериллиевых слитка HBM и стальная пластина. Подготовьте доступный источник бериллия и изготовьте прибор.|Прибор готов; записаны точные формы материалов и способ пополнения.|Доступность бериллия проверяйте по цепочке порта; GT-материал нельзя подставлять без разрешённого тега.
hbm_industry|64|HBM: эксплуатация|63|hbm_m:geiger_counter_block|5|Переносной и стационарный прибор|Одним крафтом преобразуйте переносной счётчик в блок, разместите его и изучите доступную индикацию. Заберите блок и верните переносную форму обратным рецептом; для зачёта подготовьте блок повторно.|Обе формы проверены; команда знает обратимое преобразование.|Это проверка форм и интерфейса, а не обещание защиты от радиации. Измеритель не заменяет защитное снаряжение.
hbm_industry|65|HBM: эксплуатация|63;64|~|5|Фоновое измерение|Зафиксируйте показания на чистой площадке и у другого безопасного места без добавления радиоактивных материалов. Запишите расположение, форму прибора и наблюдаемый фон.|Есть два воспроизводимых наблюдения и понятный способ чтения прибора.|Не создавайте загрязнение ради демонстрации. Одинаковые нулевые показания допустимы и не подтверждают защиту оборудования.
hbm_industry|66|HBM: эксплуатация|41;62;65|~|5|Приёмка расширенного цеха|Союзник получает письменный заказ на одну из трёх схем. Он находит входы, выбирает оснастку, пополняет компоненты, запускает сборщик и сдаёт результат по ведомости.|Заказ выполнен без ваших подсказок; пропуски инструкции исправлены.|Отдельно назовите формы материалов, питание и шаг выбора рецепта: списка названий станков недостаточно.
hbm_industry|67|HBM: эксплуатация|66;43|~|5|Резерв следующей смены|После сдачи заказа восстановите оснастку, топливо, изоляторы, провода и кремниевые основы до записанного минимального остатка. Передайте цех следующему игроку.|Следующая смена начинает работу с известного состояния и готового резерва.|Готовые схемы на складе не показывают состояние их полуфабрикатов; проверяйте отдельные буферы.
