# phase|key|title|requires(d:old deep key or new key)|goals(~=check only)|stage|actions|acceptance|diagnosis|recipes(;)|mode
0|1|Карьер под первый цех|d:1|~|5|Найдите доступные железо, медь, уголь, глину и свинец. Отметьте два маршрута доставки и выделите склад под металлургию.|На карте и в ведомости есть источники пяти материалов, обратный путь и место разгрузки.|Название GT-руды не гарантирует принятие HBM; проверяйте предмет или тег выбранного рецепта.|~|production
0|2|Бериллий до приборов|1|hbm_m:beryllium_ingot*8|5|Обожгите raw_beryllium HBM; отдельный запас из восьми слитков зарезервируйте для приборов.|Восемь слитков получены из сырья; путь пополнения записан.|Слиток другого мода подходит только при разрешённом теге.|beryllium_raw_smelting|production
0|3|Партия титана и вольфрама|1|hbm_m:titanium_ingot*8;hbm_m:tungsten_ingot*8|5|Обожгите raw_titanium и raw_tungsten; разнесите слитки по отдельным ячейкам для будущих обмоток и деталей.|Оба материала произведены по восемь; сырьевые маршруты воспроизводимы.|Не расходуйте всю партию на пластины до расчёта проводов.|titanium_raw_smelting;tungsten_raw_smelting|production
0|4|Баланс цеха на смену|d:47;2;3|~|5|Составьте ведомость на восемь сплавов, восемь стальных пластин и 16 проводов. Замерьте расход топлива, время трёх заказов и восстановите стартовые остатки.|Известны цена смены, самое медленное звено и запас до следующей поставки.|Считать только конечные изделия недостаточно: промежуточные формы и топливо учитываются отдельно.|~|production
1|5|Стальной комплект штампов|d:51|hbm_m:stamp_steel_flat|5|Соберите заготовку из трёх кирпичей и трёх слитков стали. Изучите доступные преобразования в plate, wire и circuit перед заменой рабочей оснастки.|Заготовка готова; выбран совместимый рабочий штамп.|Заготовка flat ещё не выполняет работу штампа; не меняйте рабочий комплект без проверки.|crafting/stamp_steel_flat|production
1|6|Провод из продвинутого сплава|d:13;d:46|hbm_m:wire_advanced_alloy*16|5|Прессом с wire-штампом получите 16 проводов сплава. Рассчитайте количество слитков по размеру выхода и оставьте запас под катушки.|Провода произведены, выбранная оснастка записана.|Пластина сплава не заменяет слиток на входе этого рецепта.|wire_advanced_alloy|production
1|7|Вольфрамовый провод|d:13;3|hbm_m:wire_tungsten*16|5|Обработайте вольфрам wire-штампом в 16 проводов. Разделите партии для двух катушек будущего химзавода.|Две порции по восемь проводов готовы.|Не используйте magnetized_tungsten вместо обычного вольфрама.|wire_tungsten|production
1|8|Очередь пресса без потерь|5;6;7;d:50|~|5|Выполните заказ стальных пластин, проводов сплава и вольфрама. Переключайте оснастку только после освобождения входа и сверки выходов.|Три формы изготовлены; остатки и смена оснастки внесены в журнал.|Сравните очередность по числу переналадок; одинаковое число операций не означает одинаковое время.|~|production
2|9|Катушки продвинутого сплава|6|hbm_m:coil_advanced_alloy*2|5|Окружите каждый железный слиток восемью проводами сплава; изготовьте две катушки.|Две катушки готовы и имеют собственный буфер.|Катушка сплава и катушка красной меди — разные изделия.|crafting/coil_advanced_alloy|production
2|10|Вольфрамовые катушки химзавода|7|hbm_m:coil_tungsten*2|5|На две катушки выделите 16 вольфрамовых проводов и два железных слитка. Сохраните изделия для химического оборудования.|Две катушки готовы; провода не посчитаны повторно в другом заказе.|Тороидальная катушка имеет другой рецепт и не подставляется вместо обычной.|crafting/coil_tungsten|production
2|11|Тороиды из сплава|9;d:10|hbm_m:coil_advanced_alloy_torus*2|5|Подготовьте четыре катушки сплава и железную пластину. Соберите два тороида, пополнив недостающие катушки отдельной партией.|Два тороида готовы; расход четырёх катушек подтверждён.|Предыдущая партия из двух катушек покрывает половину заказа.|crafting/coil_advanced_alloy_torus|production
2|12|Комплект обслуживания моторов|d:58;10;11|~|5|Для действующей линии соберите ведомость моторных узлов и запасных обмоток. На одной машине проверьте штатную замену или обслуживание без потери содержимого.|Команда знает запас, порядок остановки и восстановления устройства.|Не разбирайте заполненную машину, пока не проверили сохранность инвентаря на пустом экземпляре.|~|production
3|13|Спецификация нового станка|d:62;12|~|5|Выберите shredder как первый новый станок. Разверните его рецепт до двух моторов, восьми стальных и четырёх медных пластин; сверьте рабочий сборщик и питание.|Есть полный комплект и отдельный резерв энергии.|Параметр power HBM не переводится автоматически в GT EU/t.|shredder|production
3|14|Первый измельчитель|13|hbm_m:shredder|5|Изготовьте shredder на продвинутом сборщике по проверенной спецификации. Проверьте пустой интерфейс до подключения транспорта.|Измельчитель готов; место установки и способ питания определены.|Если рецепт отсутствует в выбранном станке, проверьте тип сборщика и выбранный шаблон.|shredder|production
3|15|Два станка: общий заказ|14;d:59|~|5|Выполните партию порошка для одной партии электроники. Разделите питание и буферы измельчителя и сборщика; проведите один заказ от входа до схемы.|Оба станка отработали, недостача полуфабрикатов выявляется по буферу.|Общая линия энергии может скрывать остановку первого станка за работой второго.|~|production
3|16|Цена серии электроники|15;d:61|~|5|Для двух развитых схем запишите все промежуточные партии, время каждого станка и фактический расход энергии. Сравните с одной аналоговой партией.|Назван ограничивающий участок и полезное улучшение для следующей серии.|Мощность рецепта, длительность и доступный запас энергии — разные величины.|advanced_circuit;analog_circuit|production
4|17|Паспорт работающей линии|d:67;16|~|5|Оформите схему входов, выходов, питания и резервов цеха. Отметьте места ручной работы и номера ячеек снабжения.|Другой игрок находит нужный буфер без устных подсказок.|Обновляйте схему после переноса машины; старое расположение создаёт ложную диагностику.|~|production
4|18|Остановка по полному выходу|17|~|5|На малой партии заполните выход безопасными изделиями. Наблюдайте остановку, освободите выход и проверьте восстановление без потери входов.|Известен симптом полного выхода и порядок возвращения к работе.|Не перегружайте ради этого радиоактивную или тепловую установку.|~|production
4|19|Обрыв снабжения|18|~|5|Перекройте подачу одного обычного компонента электроники. Найдите недостачу по ведомости, восстановите поставку и завершите заказ.|Причина определена без смены рецепта и без выдачи предметов.|Не смешивайте проверку дефицита материала с испытанием отключения энергии.|~|production
4|20|Передача цеха в расширение|19;4;8|~|5|Союзник закрывает заказ, восстанавливает запасы и выбирает следующую ветку: переработка, химия или энергия. Запишите её комплект входов.|Есть принятый цех и один конкретный заказ расширения.|Новая ветка не требует одновременно всех остальных специализаций.|~|production
5|21|Дробление угля и металла|14|hbm_m:coal_powder*16;hbm_m:iron_powder*8|5|Измельчите уголь и железные слитки по shredder-рецептам. Порошки храните отдельно от руды и готовых слитков.|Партии получены; реальные коэффициенты записаны.|Руда и слиток могут давать разные выходы; не объединяйте два коэффициента.|shredder/coal_to_powder;shredder/iron_ingot_to_powder|production
5|22|Возврат порошка в слиток|21|hbm_m:steel_ingot*8|5|Сначала измельчите восемь стальных слитков в steel_powder. Проплавьте восемь порошков стали и измерьте расход топлива; сохраните порошковый резерв.|Восемь слитков получены из порошка, путь возврата записан.|Эта операция возвращает форму, но не заменяет рецепт получения порошка стали.|shredder/steel_powder;steel_powder_smelting|production
5|23|Тигель на стальной наковальне|d:7;d:12|hbm_m:crucible|5|Подготовьте 20 огнеупоров, восемь медных слитков и восемь стальных пластин. Соберите тигель и изучите его интерфейс без загрузки партии.|Тигель готов; топливо, выпуск и формы изучены.|Плавильная печь и тигель имеют разные интерфейсы и выходы.|anvil/steel/craft_7crucible|production
5|24|Литейная: пробная отливка|23|~|5|В интерфейсе тигля/форм найдите доступную медную отливку. Проведите одну малую плавку и выпуск, запишите единицы материала, остаток и условие выбора формы.|Получена одна доступная отливка с учтённым остатком.|Если рецепт формы или отвода не реализован, зафиксируйте конкретный пробел и не отмечайте производство выполненным.|~|production
5|25|Заготовки для труб и корпусов|24|~|5|Разберите доступные цепочки pipe_copper, pipe_steel, shell_steel и plate_welded_steel. Для каждого укажите станок/форму, расход и наличие рецепта в этой версии.|Четыре формы описаны; рабочие цепочки отделены от отсутствующих.|Предмет в JEI без рецепта не доказывает возможность серийного выпуска.|~|survey
5|26|Ротор центрифуги: полный заказ|25;3;d:58|~|6|Разверните centrifuge_element: четыре пластины dura_steel, четыре титановые и мотор. Найдите способы получения каждого материала; составьте комплект на один элемент.|Есть спецификация и список подтверждённых источников либо точных пробелов порта.|Не выдавайте dura_steel командой ради зачёта в выживании; при отсутствии пути используйте отдельный учебный стенд.|centrifuge_element|survey
5|27|Рудная центрифуга: четыре выхода|26;d:59|~|6|На отдельном учебном стенде изучите centrifuge и обработайте одну обычную железную руду. В рецепте три железных порошка и гравий занимают четыре выходных позиции; сверяйте их раздельно.|Четыре выхода проверены, освобождение каждого буфера описано.|Сырые куски руды не равны тегу forge:ores/iron; для производственного цеха сначала подтвердите получение ротора.|centrifuge;centrifuge/iron_ore|workshop
5|28|Попутные металлы руды|27|~|6|На том же стенде сравните по одной алюминиевой и свинцовой руде. Запишите два алюминиевых порошка плюс титан и два свинцовых плюс золото, отдельно от гравия.|Оба рецепта сверены, выбран полезный побочный продукт для производства.|Пустой тег руды означает недоступный вход, а не право подставить любой слиток.|centrifuge/aluminum_ore;centrifuge/lead_ore|workshop
6|29|Нефтяной детектор|d:59;d:49;d:12|hbm_m:oil_detector|5|Соберите прибор: два золотых провода, два медных слитка, аналоговая схема и три стальные пластины. Изучите его подсказки перед разведкой.|Детектор готов; записан способ применения.|Наличие прибора не подтверждает залежь под базой.|crafting/oil_detector|production
6|30|Разведка и паспорт залежи|29|~|5|Обследуйте два участка прибором, отметьте координаты и наблюдаемый результат. Подготовьте площадку бурения и маршрут доставки без запуска добычи.|Выбран участок по наблюдению, предусмотрены разгрузка и доступ.|Не приписывайте залежи бесконечный ресурс; фиксируйте фактические показания.|~|production
6|31|Нефтепереработка: цепочка снабжения|30;25;d:59|~|6|Составьте проект derrick или pumpjack, баков и refinery. Разверните все формы металла и инструменты, отметьте доступность крафта каждого узла.|Есть схема добыча → хранение → переработка и полный список недостающих цепочек.|Не требуйте pumpjack до первого desh: его рецепт уже содержит motor_desh.|refinery;pumpjack;fluid_tank|survey
6|32|Четыре фракции нефти|31|~|6|На отдельном учебном стенде подайте допустимую нефть в refinery. По интерфейсу запишите четыре типа выходных фракций и побочный предмет; выделите бак каждому выходу.|Одна пробная операция закрыта, ни один выход не смешан с другим.|Рецепты переработки заданы также кодом машины; не переносите коэффициенты HBM 1.7.10.|~|workshop
6|33|Химзавод: комплект и интерфейс|10;d:59;25|~|6|Разберите chemical_plant: восемь стали, две медные трубы, 16 изоляторов, два мотора, две вольфрамовые катушки и аналоговая схема. На отдельном стенде изучите выбор рецепта и раздельные жидкостные входы.|Спецификация сверена; выбран рецепт, известны слоты и баки.|Без подтверждённого изготовления труб это учебный стенд, а не готовая линия выживания.|chemical_plant|workshop
6|34|Вода и первый пероксид|33|~|6|В учебном химзаводе выберите chem_peroxide: 1000 mB воды дают 1000 mB peroxide. Выполните один цикл, запишите расход энергии и назначение выходного бака.|Пероксид получен, вода и продукт учтены отдельно.|Обычная вода и собственная жидкость HBM сверяются по интерфейсу совместимости.|chemplant/chem_peroxide|workshop
6|35|Серная кислота: сводный баланс|34;21|~|6|Выполните chem_sulfuricacid: один sulfur, 1000 mB peroxide и 1000 mB воды дают 2000 mB кислоты. Учтите воду предыдущего шага отдельно.|Одна партия получена; полный расход воды записан по двум операциям.|Не смешивайте готовую кислоту с peroxide в одном резервуаре.|chemplant/chem_sulfuricacid|workshop
6|36|Азотная кислота: два маршрута|35|~|6|Сравните chem_nitricacid с crystal_niter и кислотой и chem_birkeland с воздухом и водой. На стенде выполните один доступный путь; запишите различие power и duration.|Выбран маршрут с объяснением сырья и энергетической цены.|Доступность воздуха проверяйте вместе с транспортом; запись fluid_identifier не создаёт жидкость.|chemplant/chem_nitricacid;chemplant/chem_birkeland|workshop
6|37|Полимер и бакелит|32;33;21|~|6|На стенде chem_polymer превращает 1000 mB petroleum, два coal_powder и fluorite в четыре полимера. Сравните chem_bakelite: 500 mB aromatics и 500 mB petroleum на одно изделие.|Оба материала получены; выбран поставщик фракций для каждого.|Бакелит может быть альтернативой только там, где рецепт явно её разрешает.|chemplant/chem_polymer;chemplant/chem_bakelite|workshop
6|38|Резина и комплект центрифуги|37;26|~|6|Проверьте chem_rubber: sulfur и 500 mB unsaturateds дают два rubber_ingot. Разведите полимер и резину по назначениям; завершите бумажный комплект centrifuge.|Известны три разных материала и поставщик каждой фракции.|Полимер не заменяет rubber_ingot в реакторном или турбинном рецепте.|chemplant/chem_rubber;centrifuge|workshop
6|39|Бетон для промышленной площадки|35|~|6|На стенде смешайте cement_powder, восемь гравия, восемь песка и 2000 mB воды на 16 concrete. Сравните вариант жидкого бетона и определите форму, нужную потребителю.|Партия проверена; твёрдая и жидкая формы разделены.|Жидкие 16000 mB не считаются автоматически 16 готовыми блоками.|chemplant/chem_concrete;chemplant/chem_liquidconk|workshop
6|40|Химический цех: заказ и остатки|36;38;39|~|6|В учебной копии выполните небольшой заказ на полимер, резину и бетон. Перед сменой рецепта освободите баки, сверяйте остатки и восстановите исходные запасы.|Три заказа выполнены с журналом входов и остатков.|Следующий рецепт может требовать другой набор жидкостей; одного свободного предметного выхода недостаточно.|~|workshop
7|41|Паспорт энергии HBM|d:32;20|~|5|Для действующего сборщика запишите источник, интерфейс подключения, запас энергии и расход малой партии. Отдельно проверьте, какие переходы EU/FE/HE реально работают.|Схема питания подтверждена опытом; неподдерживаемые преобразования помечены.|Блок с названием converter может быть обычным блоком; наличие в реестре не доказывает преобразование.|~|production
7|42|Поставщик пара|41;33|~|6|В учебной копии сравните solar_boiler, industrial_boiler и chem_steam. Выберите один рабочий источник; запишите тип пара, вход воды и требования интерфейса.|Есть проверенный источник малой партии и выбранный потребитель.|Обычный boiler может быть заготовкой порта; используйте реализованную машину.|chemplant/chem_steam|workshop
7|43|Паровая турбина: ротор и рецепт|42;37|~|6|Разберите steam_turbine: четыре стали, две медные катушки, два полимера или бакелита и turbine_titanium. Найдите путь ротора либо зафиксируйте отсутствие его крафта; подготовьте учебный экземпляр.|Комплект описан; интерфейс турбины изучен без обещания доступности ротора.|Пометка WIP у машины требует проверки поведения, а не переноса схемы из другой версии.|crafting/steam_turbine|workshop
7|44|Пробная генерация на пару|43|~|6|На учебном стенде соедините малый источник пара и турбину. Запишите уровень пара, выработку и отработанный выход до и после одного запуска.|Передача и генерация наблюдаются; выход принят отдельным резервуаром.|Закрытый отработанный выход может остановить цикл даже при достаточном входном паре.|~|workshop
7|45|Конденсатор и возврат воды|44;24|~|6|Разберите steam_condenser: четыре стали, четыре железные пластины и литая медная пластина. На стенде проверьте обработку отработанного пара и возврат воды.|Цепь турбина → конденсатор описана по фактическим типам жидкости.|Не считайте возврат воды замкнутым, пока не сравнили объёмы входа и выхода.|crafting/steam_condenser|workshop
7|46|Баланс воды за пять циклов|45|~|6|В учебной копии проведите пять одинаковых малых циклов. Измерьте стартовый запас, возвращённую воду и потери; рассчитайте нужное пополнение.|Есть баланс пяти циклов и размер буфера подпитки.|Равный объём резервуаров не означает равный расход машин.|~|workshop
7|47|Нагрузка и устойчивость сети|46;16|~|6|Добавьте на стенде обычный сборщик как нагрузку. Сравните генерацию с расходом одной серии; назовите причину просадки и размер резерва.|Выбран устойчивый режим на измеренной нагрузке.|Пиковая выработка турбины не равна средней при непостоянном снабжении паром.|~|workshop
7|48|Дежурная смена энергетики|47;40|~|6|Передайте союзнику схему источника, турбины, возврата воды и потребителя. Он проверяет буферы, устраняет один обычный дефицит и сдаёт установку.|Союзник обслуживает учебную сеть по инструкции; пробелы исправлены.|Испытания отключений реактора относятся к отдельным поздним стендам.|~|workshop
8|49|Учёт радиоактивных материалов|d:65;20|~|6|Разделите журнал на свежие материалы, продукты обработки и отходы. Для каждого запишите показания прибора, место хранения и ответственного; не добывайте опасный материал ради отметки.|Есть карта хранения и правила записи измерений.|Наличие свинцового блока или костюма не подтверждает защиту без испытания установленной версии.|~|survey
8|50|Урановая руда: четыре продукта|49;27|~|6|На отдельном стенде изучите centrifuge/uranium_ore: два uranium_powder, ra226_ingot и гравий. Измерьте фон и выделите отдельный выход для радия.|Состав четырёх выходов проверен, побочный продукт учтён в журнале.|Радий не теряется в общем рудном складе; ручная галочка не подтверждает радиационную защиту.|centrifuge/uranium_ore|workshop
8|51|UF6: входы и побочные продукты|50;35|~|6|В учебном химзаводе выполните chem_uf6: uranium_powder, четыре fluorite и 1000 mB воды дают 1200 mB UF6 и два sulfur. Запишите все выходы.|Партия проверена с балансом порошка, жидкости и серы.|Рецепт получения UF6 и последующая газовая центрифуга — разные операции.|chemplant/chem_uf6|workshop
8|52|Газовая центрифуга: сборочный заказ|51;26;37;d:61|~|7|Разверните gas_centrifuge до четырёх centrifuge_element, восьми полимеров, двух desh, восьми стальных пластин и развитой схемы. Для desh проверьте lightoil, mercury и powder_desh_mix.|Комплект и цепочка desh описаны; отсутствующие источники названы.|Не считайте наличие desh в реестре доказательством добычи всех его входов.|gas_centrifuge;chemplant/chem_desh|survey
8|53|Каскад газовых центрифуг|52|~|7|На учебной копии исследуйте идентификатор входа, направление передачи и стадии каскада. Получите промежуточный и конечный результат на небольшой порции; записывайте реальные подписи интерфейса.|Стадии и направления проверены опытом; конечный выход отдельно от промежуточной жидкости.|Не обещайте выделение U235/U238: код этого порта преобразует конечный LEUF6 в nugget_uranium_fuel и fluorite.|~|workshop
8|54|Топливные самородки и заготовка|53|~|7|На стенде дождитесь конечного выхода и упакуйте шесть nugget_uranium_fuel в billet_uranium_fuel действующим крафтом. Проверьте обратное распаковывание.|Обе формы проверены; число самородков и результат записаны.|Заготовка топлива ещё не является готовым стержнем реактора.|crafting/billet_uranium_fuel_compress;crafting/nugget_uranium_fuel_decompress|workshop
8|55|Торий и плутоний: альтернативы|54;50|~|7|Сравните thorium_ore с урановой рудой и рецепт chem_puf6 с chem_uf6. Составьте ведомость доступных входов и результатов; не запускайте неподтверждённую альтернативу.|Маршруты различены, источники плутония и конечный выход PUF6 отмечены как проверенные или неподтверждённые.|Поддержка жидкости PUF6 не гарантирует готовый плутониевый каскад.|centrifuge/thorium_ore;chemplant/chem_puf6|survey
8|56|Отходы: отдельная цепочка|55;49|~|7|Для учебного топливного цикла опишите раздельный приём радия, остатков жидкостей и использованного топлива. Укажите фактические способы хранения и доступные переработки.|На схеме нет общей ячейки свежего топлива и отходов; пробелы переработки явно названы.|Контейнер без проверки сохранности содержимого и замера фона не считается решением.|~|survey
9|57|ZIRNOX: границы учебного стенда|56;48|~|7|Создайте отдельную копию мира для ZIRNOX. Найдите интерфейс управления, waterTank, co2Tank и steamTank; запишите смысл heat, pressure и isOn без топлива.|Есть паспорт трёх баков и органов управления выключенного экземпляра.|Рецепт блока не подтверждает наличие доступных стержней; стенд не переносится в основную базу автоматически.|zirnox|workshop
9|58|ZIRNOX: строительная спецификация|57;38;39|~|7|Разверните zirnox: четыре shell_steel, восемь pipe_steel, восемь boron, 16 graphite, 16 rubber, 16 concrete и четыре интегральные схемы. Проверьте источник каждой формы.|Ведомость полностью сверена; недоступные входы помечены.|Графит, бор и резина не подменяются похожими GT-предметами без разрешённого тега.|zirnox|survey
9|59|Холодная сборка и порты|58|~|7|Разместите пустой ZIRNOX в учебной копии. Проверьте завершённость структуры, рабочие стороны приёма воды/CO2 и выхода пара; сохраните снимок схемы.|Холодный интерфейс и реальные стороны подтверждены.|Графическая оболочка без работающего интерфейса означает незавершённую структуру.|~|workshop
9|60|Снабжение до топлива|59;45|~|7|На выключенном пустом стенде подготовьте воду, CO2 и приём пара. Сверьте тип каждой жидкости и резерв, проверьте циркуляцию доступным способом.|Каждая линия подписана, буферы измерены, выход готов.|Не рассчитывайте нужный резерв по номинальной ёмкости; требуется наблюдение реального расхода.|~|workshop
9|61|Стержни: доступность и типы|60;54|~|7|Сравните rod_zirnox_natural_uranium_fuel и rod_zirnox_uranium_fuel с заготовкой топлива. Найдите действующий рецепт оболочки и заправки; при отсутствии запишите конкретный пробел, без выдачи предмета в выживании.|Есть карта двух типов и подтверждённый путь или запись об отсутствующем крафте.|Наличие стержня в творческой вкладке не равно производству в выживании.|~|survey
9|62|Контрольный запуск в копии|61|~|7|В отдельной учебной копии с сохранением перед опытом используйте минимальный поддерживаемый комплект стержней. Наблюдайте heat, pressure, воду, CO2 и пар; запишите кривую первых наблюдений и остановите стенд штатным управлением.|Есть журнал запуска и остановки с фактическими показаниями.|Этот опыт не задаёт безопасные числа для другого комплекта; не переносите уставки старого HBM.|~|workshop
9|63|Останов и остаточное состояние|62|~|7|После команды остановки продолжайте наблюдать показатели и выход пара. Запишите время до выбранного состояния обслуживания и судьбу стержней.|Журнал различает выключение и завершение теплового перехода.|Надпись Off сама по себе не доказывает исчезновение тепла и давления.|~|workshop
9|64|Приёмка проекта ZIRNOX|63;56|~|7|Союзник по инструкции на учебном стенде находит управление, проверяет три бака и объясняет запуск, останов и отвод продуктов. Запишите условия, ещё не подтверждённые для выживания.|Паспорт принят; доступность топлива и материалов не скрыта за галочкой.|Зачёт относится к учебному стенду, а не к запуску основного мира.|~|workshop
10|65|RBMK: функции колонн|56;48|~|8|В отдельной учебной копии сравните blank, loader, moderator, reflector, control и boiler. Назовите, какая колонна принимает топливо, управляет потоком и выдаёт пар.|Шесть функций нанесены на схему без загрузки топлива.|Колонна и обычный декоративный блок различаются поведением интерфейса, а не названием.|rbmk|workshop
10|66|Комплект одной колонны|65;39|~|8|Разберите rbmk_blank: четыре concrete_asbestos, две plate_cast_steel, четыре plate_copper и два rubber_ingot. Найдите способы преобразования blank в нужные колонны или отметьте их отсутствие.|Есть ведомость базовой колонны и отдельные пути специализированных.|Рецепт blank не доказывает наличие крафта всех вариантов RBMK.|rbmk;chemplant/chem_concreteasbestos|survey
10|67|Холодная схема RBMK|66|~|8|На учебном стенде разместите небольшой набор пустых колонн, укажите позиции топлива, управления, замедлителя и котла. Проверьте высоту и связанность по интерфейсу этой версии.|Схема сохранена с подписями, структура распознаётся.|Не выдавайте готовую схему 1.7.10 за проверенный проект порта.|~|workshop
10|68|Пульт и показания колонн|67|~|8|Подключите поддерживаемый пульт/экран к пустому стенду. Сверьте температуру и позиции каждой колонны с самой установкой.|Пульт показывает нужные координаты, журнал различает колонки.|Правдоподобное изображение чужой зоны не подтверждает подключение к этому стенду.|~|workshop
10|69|Управление и автоматика|68|~|8|Без топлива проверьте manual control и доступный control_auto: какие настройки сохраняются, как меняется состояние и как его видит пульт. Запишите выбранный порядок ручного управления.|Органы управления проверены, ограничения автоматики указаны.|Автоматическое управление не считается готовым до проверки фактических условий срабатывания.|~|workshop
10|70|Топливо RBMK: паспорт доступности|69;54|~|8|Сравните empty, ueu и leu235 RBMK-стержни, их параметры и рецепты заполнения. Отделите поддерживаемое топливо от доступного крафта; запишите пробелы порта.|Есть паспорт трёх форм и список подтверждённых источников.|Стержень ZIRNOX не заменяет RBMK-стержень; совпадение материала топлива не означает совместимость.|~|survey
10|71|Учебный запуск и отвод пара|70;46|~|8|На отдельной копии со снимком до опыта выполните минимальный учебный запуск поддерживаемым топливом. Снимайте показания каждой колонки и котла, проверяйте отвод пара, затем штатно прекратите опыт.|Журнал фиксирует изменение состояния и останов; показания связаны с конкретными колоннами.|Результат одного опыта не является универсальной схемой или уставкой для масштабирования.|~|workshop
10|72|Сравнение ZIRNOX и RBMK|71;64|~|8|Сравните оба учебных проекта по топливу, жидкостям, управлению, наблюдению и отходам. Союзник объясняет различия и выбирает, что ещё проверять перед производственным строительством.|Есть сравнительная ведомость и перечень незакрытых вопросов.|Больше колонн не означает устойчивую установку; расширение требует нового расчёта и испытания.|~|workshop
11|73|Поздние материалы: путь desh|52;40|~|7|Разверните desh до powder_desh_mix, lightoil и mercury. Сравните обычный и cracked путь, составьте заказ на два слитка с источниками всех входов.|Есть полный материальный баланс или точный перечень недоступных входов.|Нельзя считать путь завершённым по единственному рецепту конечного слитка.|chemplant/chem_desh;chemplant/chem_deshcracked|survey
11|74|Шрабидат: химическая цепочка|73;35|~|8|Разберите chem_sas3 → chem_schrabidic → chem_schrabidate. Посчитайте промежуточные жидкости, peroxide и sulfur; найдите доступный источник schrabidium_powder.|Ведомость охватывает всю цепь и её исходный материал.|Если исходный шрабидий недоступен, проект остаётся исследованием; наличие конечного рецепта это не исправляет.|chemplant/chem_sas3;chemplant/chem_schrabidic;chemplant/chem_schrabidate|survey
11|75|Циклотрон, SILEX и кристаллизация|74;28|~|8|Сравните интерфейсы cyclotron, silex и crystallizer в учебной копии. Для каждого найдите один реально отображаемый процесс и запишите входы, выходы, питание и доступность исходника.|Есть три паспорта процессов или конкретных пробелов реализации.|Не отмечайте получение редкого изотопа по наличию модели машины.|~|workshop
11|76|PWR и термоядерные перспективы|72;75|~|9|Изучите PWR, ITER и fusion-компоненты этой версии. Отметьте реализованные машины, обычные блоки-заготовки и отсутствующие интерфейсы; составьте проект исследования без обязательного запуска.|Каждая технология имеет честный статус и список недостающих функций.|PWR casing и ITER зарегистрированы как обычные Block; такие объекты не считаются рабочим реактором.|~|survey
11|77|Ресурсы поздней промышленности|75;76|~|9|Сравните подтверждённые источники металлов, изотопов и специальных жидкостей с потребностями поздних машин. Назначьте поставщика, буфер и критерий проверки каждому доступному ресурсу.|Есть ведомость доступной поздней линии и отдельно перечень блокирующих пробелов.|Не добавляйте обязательный квест на ресурс без доступной цепочки получения.|~|survey
11|78|Защита проекта HBM всей команды|77;20;64;72|~|9|Представьте команде весь маршрут: ранний цех, переработка, химия, энергия, топливо и оба стенда. Покажите журналы, связи и реальные ограничения; выберите один следующий проверяемый проект.|Команда понимает весь маршрут, доступность каждой стадии и следующий конкретный опыт.|Учебное прохождение не заменяет выживание; поздние неподдерживаемые технологии остаются в проектном разделе.|~|survey
