# chapter|section|item[*count] or ~ for practice|title|steps|purpose
create_workshop|Материалы|create:zinc_ingot*8|Цинк для мастерской|Переплавьте найденный цинк; отложите часть для латуни.|Латунь понадобится для точных машин и сортировки.
create_workshop|Материалы|create:andesite_casing*8|Корпуса из андезита|Подготовьте брёвна и андезитовый сплав; используйте сплав на подходящей деревянной основе по рецепту Create.|Корпуса входят в большинство ранних машин.
create_workshop|Привод|create:cogwheel*8|Малые шестерни|Соедините источник вращения с соседним валом через пару шестерён; проверьте направление вращения.|Вы сможете разводить вращение по разным сторонам мастерской.
create_workshop|Привод|create:gearbox*2|Поворот передачи|Поставьте редуктор на развилке валов и подведите вращение к двум рабочим местам.|Разветвление заменяет отдельное колесо у каждой машины.
create_workshop|Привод|create:gearshift|Реверс линии|Подайте красный сигнал на переключатель направления и сравните вращение до и после.|Направление важно для насосов и движущихся механизмов.
create_workshop|Привод|create:clutch|Отключение станка|Вставьте муфту между источником и машиной; проверьте отключение красным сигналом.|Остановленная ветка удобна для обслуживания и экономии нагрузки.
create_workshop|Привод|create:speedometer|Измерить обороты|Подключите спидометр к рабочему валу; сравните обороты до и после пары большой и малой шестерни.|Обороты определяют скорость обработки; нагрузку смотрите отдельно.
create_workshop|Переработка|create:millstone|Первая мельница|Подайте вращение, загрузите подходящий ингредиент сверху и заберите выход.|Мельница даёт раннюю обработку до больших дробильных колёс.
create_workshop|Переработка|create:encased_fan|Вентилятор для обработки|Направьте воздушный поток через среду нужного рецепта на предметы; сверяйте тип обработки в JEI.|Один привод может обслуживать промывку, обжиг и копчение.
create_workshop|Переработка|create:depot*2|Площадки для обработки|Поставьте депо под прессом и рядом с вентилятором; обработайте по одной партии.|Депо удерживает предмет на рабочем месте.
create_workshop|Переработка|create:basin*2|Ёмкости для смешивания|Установите чашу под смесителем; отделите её вход от выходного склада.|Чаша позволяет получать смеси без ручной раскладки на верстаке.
create_workshop|Латунь|create:empty_blaze_burner|Поймать источник жара|Сделайте пустую горелку и используйте её на всполохе в Нижнем мире.|Нагретый смеситель открывает латунь и следующие механизмы.
create_workshop|Латунь|create:blaze_burner|Рабочая горелка|Поставьте занятую горелку под чашей и обеспечьте топливо перед смешиванием.|Без нагрева подходящий рецепт не начнётся.
create_workshop|Латунь|create:brass_casing*4|Латунные корпуса|Переработайте латунь в корпуса по рецепту Create; держите запас рядом со сборкой.|Эти корпуса нужны следующему поколению оборудования.
create_workshop|Латунь|create:mechanical_crafter*9|Большой сборочный стол|Соедините механические сборщики в сетку; стрелки должны вести результат к одному выходу.|Многоблочная сборка открывает рецепты, не помещающиеся на верстаке.
create_workshop|Транспорт|create:andesite_funnel*4|Загрузка без руки|Поставьте воронки на вход и выход склада; проверьте направление передачи предметов.|Начните автоматическую подачу до дорогой латунной сортировки.
create_workshop|Транспорт|create:brass_tunnel*2|Разделить поток|Установите туннель над лентами и настройте распределение тестовой партии.|Линия сможет снабжать несколько станков.
create_workshop|Транспорт|create:chute*4|Вертикальная подача|Соедините склад и станок жёлобами; проверьте, где требуется дополнительный способ передачи.|Компактная мастерская использует высоту, а не только длинные ленты.
create_workshop|Транспорт|create:smart_chute|Контроль количества|Настройте фильтр и размер партии; проверьте подачу на запасе недорогих предметов.|Точная дозировка помогает не забивать рабочие ёмкости.
create_workshop|Транспорт|create:filter|Фильтр списка|Запишите список допустимых предметов и испытайте его на смешанной партии.|Отделяйте полезный выход от побочных продуктов.
create_workshop|Сборка|create:mechanical_saw|Подача древесины|Соберите пилу и настройте обработку дерева из склада.|Автоматическое дерево снабжает корпуса и строительство.
create_workshop|Сборка|create:mechanical_drill|Механическая добыча|Подведите вращение к буру и испытайте его на простой каменной площадке.|Бур позволяет получать строительные материалы сериями.
create_workshop|Сборка|create:crushing_wheel*2|Дробильная пара|Постройте два колеса с правильным встречным вращением; подайте выбранное сырьё между ними.|Дробление расширяет переработку и даёт побочные продукты.
create_workshop|Сборка|create:spout|Разлив по предметам|Подведите жидкость к носику и подайте под ним предмет подходящего рецепта.|Разлив связывает жидкости, сборку и магические чернила.
create_workshop|Сборка|create:mechanical_arm|Рука у линии|Настройте точки забора и выдачи предметов и проверьте один полный цикл.|Рука помогает снабжать несколько рабочих мест.
create_workshop|Проекты|create:rotation_speed_controller|Регулятор оборотов|Поставьте регулятор в подходящей передаче и подберите обороты без перегрузки.|Скорость можно менять без перестройки всех шестерён.
create_workshop|Проекты|create:steam_engine|Следующий источник вращения|Прочитайте требования котла Create, подведите воду и нагрев и подключите двигатель.|Большая мастерская требует более мощного источника вращения.
create_workshop|Проекты|~|Линия точных механизмов|Получите две партии точных механизмов подряд без ручного перекладывания между операциями; проверьте возврат незавершённых деталей.|Самостоятельно работающая сборка снабжает электрические и магические ветви.
botania_supply|Основы|minecraft:shears|Сбор лепестков|Собирайте цветы и разложите лепестки по цветам рядом с рабочим местом.|Разные цветы Botania требуют разных цветовых сочетаний.
botania_supply|Основы|botania:apothecary_default|Лепестковый аптекарь|Поставьте аптекарь, наполните водой и повторите рецепт чистой маргаритки.|Здесь начинаются функциональные и генерирующие цветы.
botania_supply|Основы|botania:livingwood_log*16|Живое дерево|Окружите чистую маргаритку подходящими брёвнами и дождитесь превращения.|Живое дерево нужно распространителям и инструментам.
botania_supply|Основы|botania:mana_pool|Бассейн у генератора|Поставьте бассейн и направьте в него распространитель; проверьте поступление маны.|Мана в бассейне расходуется на материалы и ремесло.
botania_supply|Материалы|botania:mana_pearl*4|Жемчуг маны|Бросьте подходящий жемчуг в заполненный бассейн и заберите преобразованный материал.|Жемчуг входит в магические устройства и транспорт маны.
botania_supply|Материалы|botania:mana_string*8|Магическая нить|Преобразуйте нить в бассейне; храните запас отдельно от обычной.|Магическая ткань и устройства требуют преобразованных материалов.
botania_supply|Руны|botania:rune_fire|Руна огня|Откройте рецепт алтаря, соберите ингредиенты, дождитесь наполнения маной и завершите операцию живым камнем и жезлом.|Огненная руна входит в цветы и настроенное ядро.
botania_supply|Руны|botania:rune_earth|Руна земли|Проведите отдельную операцию рунического алтаря и подготовьте выход для следующего крафта.|Стихийные руны развивают ремесло Botania.
botania_supply|Руны|botania:rune_air|Руна воздуха|Убедитесь, что распространитель достаёт до алтаря, и изготовьте воздушную руну.|Последняя стихия завершает основу для настроенных ядер.
botania_supply|Цветы|botania:hopperhock|Подбор предметов|Поставьте функциональный цветок рядом со складом и настройте нужный режим подбора.|Ремесло может автоматически возвращать готовые предметы на склад.
botania_supply|Цветы|botania:rannuncarpus|Магическая установка блоков|Испытайте цветок на небольшой строительной площадке с запасом подходящих блоков.|Мана может помогать строить и обслуживать фермы.
botania_supply|Цветы|botania:agricarnation|Поддержка огорода|Обеспечьте цветок маной рядом с растениями и сравните работу фермы.|Производство еды поддерживает магию и экспедиции.
botania_supply|Цветы|botania:gourmaryllis|Мана из кухни|Подготовьте несколько видов блюд и организуйте контролируемую подачу цветку.|Кухня становится источником маны; повтор одного блюда менее выгоден.
botania_supply|Цветы|botania:thermalily|Мана и лава|Прочитайте цикл цветка в Лексике и организуйте подачу лавы с паузами.|Режим работы важнее постоянного заполнения площадки лавой.
botania_supply|Цветы|botania:hydroangeas|Первые водяные цветы|Разместите цветок у воды по инструкции Лексики и наблюдайте срок работы.|Ранний источник помогает освоить передачу маны.
botania_supply|Сеть|botania:mana_pylon*2|Два пилона|Подготовьте пилоны для дальнейших устройств и оставьте место вокруг площадки.|Они нужны магическим конструкциям следующей ступени.
botania_supply|Сеть|botania:mana_tablet|Переносимая мана|Зарядите планшет от бассейна; переключайте направление передачи жезлом.|Походные инструменты смогут получать ману вне базы.
botania_supply|Сеть|botania:mana_mirror|Связь с запасом|Изучите привязку зеркала к бассейну и сохраните стабильную базовую генерацию.|Снабжение базы остаётся важным даже с переносимым доступом.
botania_supply|Сеть|botania:spark*4|Искры над бассейнами|Установите искры на подходящие ёмкости и проверьте передачу маны по Лексике.|Следующее крупное ремесло требует передачи большого объёма.
botania_supply|Позднее ремесло@3|botania:terrasteel_ingot|Террасталь после Lothric|Подготовьте пластину агломерации, манасталь, алмаз и жемчуг маны; обеспечьте достаточный запас маны.|Настроенная террасталь открывает вариант защиты команды.
botania_supply|Позднее ремесло@3|botania:terra_plate|Площадка агломерации|Постройте основание по Лексике и подключите искры; сначала проверьте расположение.|Правильная конструкция позволяет собрать террасталь.
botania_supply|Позднее ремесло@3|botania:alfheim_portal|Портал эльфийской торговли|Постройте рамку и пилоны по Лексике, затем проверьте запас маны перед активацией.|Портал меняет базовые материалы на эльфийские.
botania_supply|Позднее ремесло@3|botania:elementium_ingot*8|Эльфийский металл|Отправьте подходящие материалы через работающий портал и заберите результат.|Элементиевые устройства расширяют инструменты и передачу маны.
botania_supply|Позднее ремесло@3|botania:dreamwood_log*8|Древесина эльфов|Проведите обмен живого дерева через портал и сохраните запас.|Мечтодрево нужно продвинутым устройствам Botania.
mana_artifice|Материалы|mna:raw_vinteum*8|Первые залежи винтеума|Ищите винтеум в шахтах; добывайте инструментом подходящего уровня.|Винтеум питает ремесленные цепочки этой школы.
mana_artifice|Материалы|mna:vinteum_dust*8|Винтеумная пыль|Найдите переработку сырого винтеума в JEI и подготовьте отдельный запас.|Пыль нужна для чернил и очищенных материалов.
mana_artifice|Материалы|mna:arcane_ash*8|Магический пепел|Откройте способ получения пепла в Codex Arcana и JEI; разберите входы перед обработкой.|Пепел входит в расходные материалы школы.
mana_artifice|Ремесло|mna:inscription_table|Стол для записи|Поставьте стол рядом со складом веллума и чернил; откройте его интерфейс и раздел справочника.|Здесь начинается собственное создание магических записей.
mana_artifice|Ремесло|mna:runescribing_table|Стол рунописца|Подготовьте молот, резец и материалы нужного рисунка и откройте пример операции в справочнике.|Руны расширяют ремесленные возможности.
mana_artifice|Ремесло|mna:runeforge|Руническая кузница|Соберите кузницу по доступному рецепту и проверьте требования к её работе в Codex Arcana.|Развитые материалы требуют отдельного рабочего места.
mana_artifice|Ремесло|mna:rune_clay_plate*8|Заготовки рун|Изготовьте глиняные заготовки и оставьте место для рисунка и инструмента.|Рунописцу нужен запас основ, а не только один инструмент.
mana_artifice|Ремесло|mna:rune_pattern|Рисунок руны|Выберите доступный рисунок и сопоставьте его с требуемой руной в справочнике.|Рисунок определяет, какую заготовку вы изготовите.
mana_artifice|Практика|~|Форма и действие|Составьте простое заклинание с одной формой и одним доступным эффектом; примените его на учебной площадке.|Небольшую запись легче отладить, чем набор неизвестных компонентов.
mana_artifice|Практика|~|Цена одного каста|Запишите запас маны до и после трёх одинаковых кастов; дождитесь восстановления.|Вы поймёте, сколько действий выдержит походный запас.
mana_artifice|Практика|~|Дальность и цель|Испытайте заклинание на близкой и дальней цели и сравните успешность применения.|Мана и правильная форма не заменяют подходящую дистанцию.
mana_artifice|Практика|~|Следующая ступень Occulus|Прочитайте список задач текущей ступени в Occulus и выполните его; отметьте упражнение после повышения.|Occulus управляет собственным развитием школы.
mana_artifice|Ритуалы|mna:ritual_focus_minor|Малый ритуальный фокус|Выберите доступный ритуал в Codex Arcana и подготовьте фокус и всю раскладку.|Ритуалы дают полезные действия за пределами обычного каста.
mana_artifice|Ритуалы|~|Первый рабочий ритуал|Проведите выбранный ритуал по справочнику; проверьте результат и расход ингредиентов.|Самостоятельная практика закрепляет устройство ритуальной площадки.
mana_artifice|Ритуалы|mna:ritual_focus_lesser|Развитие ритуалов|Проверьте ступень Occulus и доступные рецепты перед изготовлением нового фокуса.|Сложные ритуалы требуют развития самой школы.
mana_artifice|Ритуалы@3|mna:ritual_focus_greater|Большой ритуальный фокус|Подготовьте компоненты по рецепту вашей ступени и выбирайте доступный ритуал.|Общий этап дополняет требования Occulus и фракции.
mana_artifice|Конструкты|mna:construct_workbench|Мастерская конструктов|Откройте раздел конструктов, соберите верстак и изучите список частей для простого помощника.|Помощники поддерживают хозяйство и выбранную роль мага.
mana_artifice|Конструкты|mna:bell_of_bidding|Команды помощнику|Изготовьте колокол и прочитайте его команды в Codex Arcana.|Собранному помощнику нужно задавать рабочие задачи.
mana_artifice|Конструкты|mna:construct_repair_kit|Запас для ремонта|Подготовьте комплект ремонта и храните его у мастерской конструктов.|Помощников нужно обслуживать после работы и боя.
mana_artifice|Специализация@3|~|Выбор фракции|Сравните доступные фракции в справочнике, обсудите роль с командой и завершите доступный выбор в Occulus.|Фракция определяет дальнейшие возможности; всем четырём не обязательно выбирать одну.
mana_artifice|Специализация@6|~|Заклинание своей роли|Составьте одно доступное заклинание поддержки, контроля или атаки и испытайте его вместе с союзником.|Сильная школа полезна, когда её возможности встроены в командную работу.
hex_practice|Материалы|minecraft:amethyst_shard*16|Найти аметистовую жеоду|Ищите жеоды под землёй и собирайте выросшие кристаллы; оставьте почку для нового урожая.|Аметист обеспечивает среду и большинство инструментов Hex.
hex_practice|Материалы|hexcasting:charged_amethyst*4|Разные виды среды|Получите заряженный аметист и сравните его со средой в пыли по справочнику.|Запас на несколько эффектов удобнее хранить в подходящей форме.
hex_practice|Практика|~|Первое число в стеке|Откройте раздел чисел, нарисуйте простой числовой паттерн и прочитайте полученный стек.|Число станет параметром следующих действий.
hex_practice|Практика|~|Позиция и направление|Получите векторы позиции и направления; сравните их при перемещении и повороте.|Разные векторы задают разные цели; их нельзя подставлять наугад.
hex_practice|Практика|~|Две операции со стеком|Добавьте несколько значений и воспроизведите операции перестановки и копирования из справочника.|Управление стеком позволяет строить длинные записи.
hex_practice|Практика|~|Сущность как цель|Получите выбранную сущность и отличите её от вектора позиции в стеке.|Эффект требует подходящего типа данных.
hex_practice|Практика|~|Разобрать ошибку|На безопасной площадке повторите запись с неправильным типом; прочитайте ошибку и исправьте один шаг.|Диагностика позволяет развивать собственные заклинания.
hex_practice|Записи|hexcasting:scroll_medium*2|Запись среднего размера|Перенесите проверенную последовательность на подходящий свиток.|Записи сокращают число ошибок при повторении паттернов.
hex_practice|Записи|hexcasting:scroll*2|Длинная запись|Соберите большой свиток для последовательности, которая не помещается на малом.|Записывайте проверенную программу, а не случайный набор действий.
hex_practice|Записи|hexcasting:slate*8|Основа будущего круга|Подготовьте сланцевые пластины и изучите перенос рисунков на них.|Круги позволяют отделить программу от ручного рисования.
hex_practice|Носители|hexcasting:cypher|Одноразовый носитель|Прочитайте требования создания cypher и запишите простой доступный эффект.|Команда сможет применять заранее подготовленную магию.
hex_practice|Носители|hexcasting:trinket|Многоразовый носитель|Подготовьте носитель, среду и проверенную запись по справочнику.|Повторяемый инструмент удобен для походной роли.
hex_practice|Артефакт@7|hexcasting:artifact|Длительный инструмент|Проверьте требования создания artifact и выберите устойчивый полезный эффект.|Продвинутый носитель обслуживает повторяющиеся задачи.
hex_practice|Носители|hexcasting:battery|Бюджет среды|Изучите устройство батареи и способ её наполнения по справочнику.|Большие записи требуют управляемого запаса среды.
hex_practice|Круги@6|hexcasting:impetus/redstone|Запуск от сигнала|Постройте небольшой круг по справочнику и подключите импульс от красного камня.|Запуск становится частью логики базы.
hex_practice|Круги@6|hexcasting:directrix/redstone|Управление путём|Добавьте управляющий блок в учебный круг и проследите порядок выполнения.|Разветвление позволяет управлять разными действиями.
hex_practice|Круги@6|hexcasting:impetus/rightclick|Ручной запуск круга|Испытайте отдельный круг, запускаемый нажатием на блок.|Ручной запуск удобен для проверки перед автоматизацией.
hex_practice|Круги@6|~|Круг с ограниченным расходом|Испытайте несколько запусков, проверьте расход среды и предусмотрите отключение сигнала.|Автоматизация должна останавливаться при ненужной работе.
hex_practice|Поздняя практика@7|~|Походный Hex|Подготовьте доступную запись для своей роли, назовите входные данные и испытайте её вместе с командой.|Поздние действия требуют общего этапа и штатного развития Hex.
spell_supply|Рабочее место|irons_spellbooks:inscription_table|Стол записи|Поставьте стол записи, подготовьте свиток и книгу; прочитайте расположение входов интерфейса.|Вы сможете выбирать содержимое собственной книги заклинаний.
spell_supply|Рабочее место|irons_spellbooks:arcane_anvil|Магическая наковальня|Поставьте наковальню рядом со столом и откройте доступные операции со свитками.|Наковальня поддерживает развитие найденных заклинаний.
spell_supply|Рабочее место|irons_spellbooks:alchemist_cauldron|Котёл чернил|Подготовьте котёл, чернила и сосуды; проверьте рецепт нужной редкости перед загрузкой.|Котёл связывает снабжение школы с катализаторами боссовых этапов.
spell_supply|Ранние книги|irons_spellbooks:copper_spell_book|Первая медная книга|Соберите книгу и запишите одно доступное заклинание; проверьте способ выбора каста в управлении.|Начните с небольшой книги и понятного действия.
spell_supply|Ранние книги|irons_spellbooks:iron_spell_book|Книга для похода|Подготовьте новую книгу и перенесите подходящие заклинания через стол записи.|Книга должна соответствовать запасу маны и роли игрока.
spell_supply|Ранние книги|irons_spellbooks:gold_spell_book|Золотая книга|Сравните свойства новой книги с предыдущей и выберите полезные для роли заклинания.|Количество записей само по себе не делает каст доступным.
spell_supply|Расходники|minecraft:glass_bottle*16|Сосуды для чернил|Подготовьте отдельный запас пустых бутылочек у котла и разливочной линии.|Чернила должны возвращаться из обработки в удобный для ремесла вид.
spell_supply|Расходники|irons_spellbooks:arcane_ingot*4|Магический сплав|Получите слитки по рецепту из эссенции и подходящего металла; отделите их от обычного запаса.|Сплав требуется инструментам и экипировке школы.
spell_supply|Расходники|irons_spellbooks:blank_rune*4|Заготовки улучшений|Изготовьте пустые руны и выберите нужное направление улучшения.|Руны позволяют развивать конкретную характеристику.
spell_supply|Практика|~|Один точный каст|Испытайте простое заклинание на обычной цели; проверьте дальность, время подготовки и расход маны.|Свиток нужно освоить до опасной экспедиции.
spell_supply|Практика|~|Ротация без пустой маны|Примените выбранную последовательность три раза с восстановлением; отметьте, какой каст оставляете для экстренного случая.|Боевой план должен учитывать время восстановления.
spell_supply|Практика|~|Поддержка союзника|Испытайте доступное лечение вместе с союзником и сравните результат при полном и неполном здоровье.|Полезная поддержка зависит от момента применения и позиции.
spell_supply|Практика|~|Щит и направление|Поставьте доступный магический щит перед входящими атаками и проверьте угол защиты.|Щит требует правильной позиции и запаса на повторное применение.
spell_supply|Редкие записи@3|kubejs:rare_ink_catalyst*4|Катализатор редких чернил|Соедините железо с материалом Lothric; используйте катализатор в котле по рецепту этой сборки.|Редкие чернила соединяют экспедиции и ремесло заклинателя.
spell_supply|Редкие записи@3|irons_spellbooks:diamond_spell_book|Алмазная книга|Подготовьте настроенные алмазы с материалом Lothric и соберите книгу по её рецепту.|Развитая книга поддерживает выбранную магическую роль.
spell_supply|Редкие записи@3|irons_spellbooks:mana_ring|Кольцо запаса маны|Сравните запас маны до и после экипировки кольца и подберите размер походной ротации.|Дополнительный запас полезен для дорогих действий.
spell_supply|Редкие записи@3|irons_spellbooks:cooldown_ring|Кольцо отката|Сравните откат одного и того же заклинания с кольцом и без него.|Настраивайте экипировку под частоту нужного действия.
spell_supply|Редкие записи@3|irons_spellbooks:cast_time_ring|Кольцо подготовки каста|Сравните время подготовки заклинания при одинаковых условиях.|Быстрая подготовка помогает применять длинные касты в бою.
spell_supply|Снабжение Hazen|hazennstuff:raw_zenalite*8|Разведка зеналита|Найдите доступные залежи зеналита; проверьте уровень инструмента перед добычей.|Зеналит начинает отдельную материальную ветвь Hazen.
spell_supply|Снабжение Hazen|hazennstuff:zenalite_block|Запас для мастерской Hazen|Соберите слитки в блок хранения и оставьте запас для рецептов выбранной специализации.|Серийное снабжение удобнее разовых случайных находок.
spell_supply|Снабжение Hazen|hazennstuff:steel_ingot*8|Сталь Hazen|Найдите рецепт именно стали Hazen и соберите партию для её ремесла.|Одноимённые металлы разных модов не всегда взаимозаменяемы.
spell_supply|Поздние записи@6|kubejs:epic_ink_catalyst*4|Катализатор эпических чернил|Соедините золото с материалом Cinder; переработайте нужные чернила в котле.|Эпические записи требуют снабжения после этапа VI.
spell_supply|Поздние записи@6|irons_spellbooks:netherite_spell_book|Незеритовая книга|Подготовьте развитые материалы и сравните книгу с алмазной перед переносом записей.|Поздняя книга поддерживает дорогую командную ротацию.
spell_supply|Поздние записи@7|kubejs:legendary_ink_catalyst*4|Катализатор легендарных чернил|Соедините аметист с материалом Nightlord и подготовьте входы котла.|Легендарные записи открываются после этапа VII.
storage|Компоненты|refinedstorage:quartz_enriched_iron*16|Основа электронного склада|Подготовьте кварцевое железо и отложите его у рабочей линии.|Большинство устройств склада требуют этот материал.
storage|Компоненты|refinedstorage:silicon*16|Кремний для процессоров|Получите кремний подходящим рецептом; разделите его с запасом для GregTech.|Процессорам Refined Storage нужна собственная заготовка.
storage|Компоненты|refinedstorage:processor_binding*16|Полимерная связка|Выберите рецепт связки: ранний вариант со слизью или линия полиэтилена и нити.|Производственная химия помогает выпускать компоненты склада сериями.
storage|Компоненты|refinedstorage:raw_basic_processor*8|Заготовки простого процессора|Смешайте четыре входа по рецепту сборки в Create или используйте равноценный сборщик GregTech.|Оба производства могут снабжать один электронный склад.
storage|Компоненты|refinedstorage:raw_improved_processor*8|Заготовки улучшенного процессора|Подготовьте отдельную партию четырёх входов; сравните её с простым процессором.|Сложные устройства требуют следующего класса процессоров.
storage|Компоненты|refinedstorage:raw_advanced_processor*4|Заготовки развитого процессора|Проверьте рецепт дорогой заготовки до расходования материалов и запустите выбранную линию.|Эта партия поддерживает развитие автокрафта.
storage|Компоненты|refinedstorage:basic_processor*8|Готовые простые процессоры|Завершите обработку заготовок по доступному рецепту; верните готовый выход на склад.|Заготовка и готовый процессор используются в разных рецептах.
storage|Компоненты|refinedstorage:improved_processor*8|Готовые улучшенные процессоры|Обработайте заготовки и отделите их от незавершённых деталей.|Постоянный запас сокращает остановки расширения сети.
storage|Компоненты|refinedstorage:advanced_processor*4|Готовые развитые процессоры|Завершите обработку дорогих заготовок отдельной партией.|Продвинутые устройства смогут выпускаться по заказу.
storage|Подключение|refinedstorage:cable*16|Первый участок сети|Соедините контроллер, дисковод и терминал кабелем; проверьте питание.|Разрозненные блоки должны стать одной работающей сетью.
storage|Подключение|refinedstorage:external_storage|Подключить старый сундук|Направьте внешнее хранилище на сундук и проверьте отображение его содержимого в терминале.|Старые склады можно включить в сеть без ручного переноса всего запаса.
storage|Подключение|refinedstorage:detector|Сигнал о нехватке|Настройте детектор на нужный материал и испытайте сигнал при изменении количества.|Сеть может сообщать мастерской, когда пора пополнять запас.
storage|Подключение|refinedstorage:constructor|Установка из сети|Выберите предмет для установки и испытайте конструктор на свободной площадке.|Склад может снабжать автоматические строительные и производственные действия.
storage|Подключение|refinedstorage:destructor|Возврат предметов|Испытайте разрушитель на недорогом блоке и проверьте выход на склад.|Обратная связь нужна для повторяемого цикла.
storage|Автокрафт|refinedstorage:crafting_grid|Терминал с верстаком|Подключите терминал и выполните простой ручной рецепт из общего запаса.|Ручной крафт больше не требует обхода всех сундуков.
storage|Автокрафт|refinedstorage:pattern_grid|Рабочее место шаблонов|Создайте шаблон простого рецепта и проверьте его состав перед установкой в крафтер.|Шаблон описывает входы и ожидаемый результат заказа.
storage|Автокрафт|refinedstorage:crafting_monitor|Наблюдение за заказом|Откройте монитор во время небольшого заказа и найдите недостающий компонент.|Монитор помогает отличить нехватку ресурсов от застрявшей машины.
storage|Автокрафт|refinedstorage:crafting_upgrade|Пополнение через интерфейс|Изучите применение улучшения и задайте небольшой поддерживаемый запас.|Автокрафт может обслуживать постоянно расходуемые компоненты.
storage|Автокрафт|refinedstorage:interface|Буфер для производства|Подключите интерфейс и проверьте выдачу и возврат одной партии станка.|Связь склада и машин должна учитывать оба направления потока.
storage|Ёмкость|refinedstorage:4k_storage_disk|Следующий диск|Соберите диск, вставьте его в дисковод и проверьте свободное место.|Ёмкость увеличивается постепенно вместе с реальным запасом.
storage|Ёмкость|refinedstorage:64k_storage_disk|Большой склад|Разделите ценные компоненты и массовые блоки; проверьте расход ёмкости после установки диска.|Один большой диск не заменяет продуманную структуру хранения.
storage|Поздний доступ@6|refinedstorage:wireless_grid|Походный терминал|Соберите терминал с корпусом HV по рецепту сборки; проверьте дальность подключения и заряд.|Удалённый доступ связывает экспедиции с инфраструктурой базы.
kitchen|Инструменты|farmersdelight:flint_knife|Первый кухонный нож|Сделайте кремнёвый нож и примените подходящий рецепт на разделочной доске.|Разделка открывает дополнительные продукты и материалы.
kitchen|Инструменты|farmersdelight:iron_knife|Нож для постоянной работы|Замените ранний нож и держите его у разделочной доски.|Надёжный инструмент удобен для серийного приготовления.
kitchen|Огород|farmersdelight:tomato*8|Помидоры для кухни|Найдите растение или семена и организуйте постоянное выращивание.|Разнообразие продуктов расширяет набор блюд.
kitchen|Огород|farmersdelight:onion*8|Грядка лука|Посадите найденный лук, освещайте грядку и оставляйте часть урожая на посадку.|Супы и горячие блюда требуют устойчивого огорода.
kitchen|Огород|farmersdelight:rice*8|Рисовая линия|Изучите условия выращивания риса и организуйте сбор урожая рядом с водой.|Рис используется в нескольких сытных блюдах.
kitchen|Огород|farmersdelight:straw*8|Солома от ножа|Получите солому подходящим способом с ножом и сохраните её отдельно.|Солома нужна кухонным и хозяйственным устройствам.
kitchen|Рабочие места|farmersdelight:stove|Источник жара|Поставьте печь и организуйте рабочее место повара с доступом к продуктам.|Котлу требуется подходящий нагрев, а повару — удобный склад.
kitchen|Рабочие места|farmersdelight:skillet|Быстрая жарка|Подготовьте сковороду и испытайте один подходящий рецепт.|Разные кухонные устройства подходят для разных операций.
kitchen|Рабочие места|farmersdelight:canvas|Полотно для хозяйства|Переработайте солому в полотно по рецепту и отложите запас у рабочего места.|Побочные продукты огорода используются в хозяйственных рецептах.
kitchen|Рабочие места|minecraft:barrel|Продуктовый шкаф|Разделите в кладовой сырые продукты, готовые блюда и походный резерв.|Повар сможет быстро пополнять конкретные блюда.
kitchen|Простые блюда|farmersdelight:vegetable_soup*4|Суп на всю команду|Положите входы рецепта в нагретый котёл, подготовьте нужную посуду и заберите четыре порции.|Первая серийная готовка снабжает общий поход.
kitchen|Простые блюда|farmersdelight:beef_stew*4|Мясное блюдо|Подготовьте мясо и овощи по рецепту; храните готовое блюдо отдельно.|Команда получает ещё один вариант сытного питания.
kitchen|Простые блюда|farmersdelight:chicken_soup*4|Запас горячей еды|Соберите ингредиенты одной полной партии и обеспечьте котлу жар.|Регулярный запас помогает быстрее собираться в экспедицию.
kitchen|Простые блюда|farmersdelight:fried_rice*4|Рисовый обед|Подготовьте рис и дополнительные продукты по рецепту блюда.|Выращенный рис становится готовым походным питанием.
kitchen|Простые блюда|farmersdelight:stuffed_potato*4|Картофель с начинкой|Соберите начинку и подготовьте четыре порции по рецепту.|Несколько блюд помогают снабжать разные роли и цветок Gourmetaryllis.
kitchen|Походные блюда|farmersdelight:bacon_sandwich*4|Бутерброды в дорогу|Разделайте нужные продукты ножом и подготовьте четыре бутерброда.|Кухня объединяет урожай, животноводство и разделку.
kitchen|Походные блюда|farmersdelight:chicken_sandwich*4|Вторая походная партия|Пополните входы рецепта без расходования посадочного резерва.|Повторяемое снабжение полезнее единственного праздничного крафта.
kitchen|Походные блюда|farmersdelight:pasta_with_meatballs*4|Горячее после возвращения|Подготовьте тесто, мясные продукты и соус по рецепту блюда.|Большая кухня обслуживает поход и восстановление запаса.
kitchen|Хозяйство|farmersdelight:organic_compost*4|Компост из остатков|Соберите компост по рецепту и подготовьте площадку для дальнейшего превращения.|Побочные продукты кухни можно возвращать в огород.
kitchen|Хозяйство|farmersdelight:rich_soil*4|Улучшенная грядка|Получите богатую почву и сравните небольшую грядку с обычной.|Производство еды развивается вместе с размером команды.
kitchen|Ферментация|brewinandchewin:keg|Бочонок для ферментации|Поставьте бочонок и откройте рецепт напитка или продукта; подготовьте входы и подходящую температуру.|Brewing and Chewing добавляет отдельную обработку продуктов.
kitchen|Ферментация|brewinandchewin:tankard*4|Кружки на четверых|Держите кружки у бочонка и проверьте способ забора выбранного напитка.|Готовый напиток нужно разлить перед походом.
kitchen|Ферментация|brewinandchewin:ice_crate|Охлаждение бочонка|Поставьте устройство охлаждения по инструкции рецепта и проверьте температуру.|Разным продуктам нужны разные условия ферментации.
kitchen|Ферментация|brewinandchewin:heating_cask|Нагрев ферментации|Испытайте нагрев на рецепте, которому требуется более высокая температура.|Кухня сможет выполнять больше рецептов бочонка.
kitchen|Ферментация|brewinandchewin:flaxen_cheese_wedge*4|Сырная партия|Проведите цепочку приготовления и созревания сыра и разделите готовый продукт.|Ферментация снабжает последующие блюда.
kitchen|Ферментация|brewinandchewin:ham_and_cheese_sandwich*4|Обед с сыром|Используйте сыр и мясной продукт в партии бутербродов для команды.|Два кухонных мода работают в одной цепочке снабжения.
power_logistics|Проводка|createaddition:rolling_mill|Прокатная линия|Подведите вращение к прокатному стану и обработайте подходящий металл.|Create Addition начинает электрическую ветвь с механического производства.
power_logistics|Проводка|createaddition:copper_wire*16|Медный провод|Получите проволоку на прокатной линии и отложите её для соединений.|Провода связывают источники энергии и потребителей этой сети.
power_logistics|Проводка|createaddition:spool*4|Катушки для проводов|Подготовьте пустые катушки и выберите нужный вид намотки.|Катушка удобна для прокладки проводной связи.
power_logistics|Проводка|createaddition:copper_spool*2|Намотанная медь|Намотайте провод и соедините пару подходящих коннекторов.|Так вы проверите передачу энергии между отдельными блоками.
power_logistics|Проводка|createaddition:connector*4|Коннекторы сети|Разместите коннекторы у генератора и нагрузки и свяжите их катушкой.|Проводная сеть требует точек подключения.
power_logistics|Проводка|createaddition:capacitor*4|Конденсаторы|Подготовьте компоненты по рецепту и храните их у электрической мастерской.|Электрические устройства требуют собственных деталей.
power_logistics|Проводка|createaddition:electrum_ingot*8|Электрум для проводки|Выберите доступный рецепт сплава и организуйте серийную партию.|Развитая проводка использует более дорогие материалы.
power_logistics|Проводка|createaddition:electrum_wire*16|Проволока из сплава|Прокатайте электрум и сравните характеристики провода с медным.|Вид проводника выбирают под параметры сети.
power_logistics|Проводка|createaddition:electrum_spool*2|Следующая катушка|Подготовьте катушку и проложите отдельную проверочную линию.|Вы сможете расширять сеть осознанно.
power_logistics|Управление|createaddition:redstone_relay|Переключение нагрузки|Изучите режим реле и испытайте включение нагрузки сигналом.|Управляемая сеть удобнее постоянно работающих потребителей.
power_logistics|Управление|createaddition:large_connector|Большой узел подключения|Подключите несколько потребителей и проверьте работу без разрыва линии.|Центральный узел упрощает разводку большой базы.
power_logistics|Управление|create:stockpile_switch|Сигнал от запаса|Поставьте переключатель на склад и задайте нижнюю и верхнюю границы.|Производство может включаться при нехватке материала.
power_logistics|Управление|create:redstone_link*2|Беспроводной сигнал|Настройте пару связей на одинаковую частоту и проверьте управление механизмом.|Командная база требует сигналов между удалёнными рабочими местами.
power_logistics|Управление|minecraft:comparator*4|Измерять наполненность|Подключите компаратор к поддерживаемой ёмкости и испытайте сигнал при пополнении.|Автоматика опирается на реальное состояние запаса.
power_logistics|Жидкости|create:fluid_pipe*16|Отдельная водяная линия|Подведите воду к потребителю через трубы и насос; проверьте направление потока.|Жидкости должны приходить к машине регулярно.
power_logistics|Жидкости|create:smart_fluid_pipe|Выбор жидкости|Настройте фильтр на отдельной тестовой линии.|Фильтр помогает не смешивать входы разных рецептов.
power_logistics|Жидкости|create:fluid_valve|Остановка подачи|Вставьте клапан и проверьте отключение участка.|Жидкостную линию можно обслуживать независимо от остальных машин.
power_logistics|Связь с LV@5|createaddition:electric_motor|Привод после Annihilator|Подготовьте мотор LV для изменённого рецепта; сравните электрическую нагрузку и полученное вращение.|Сборка соединяет электрическое и механическое производство.
power_logistics|Связь с LV@5|createaddition:modular_accumulator|Буфер после Annihilator|Подготовьте корпус LV и компоненты аккумулятора, зарядите его от выбранного источника.|Буфер сглаживает кратковременный расход, пока генератор восстанавливает запас.
hbm_industry|Материалы|hbm_m:lead_ingot*8|Свинец HBM|Получите свинец и храните его у отдельного рабочего места HBM.|Материалы этой ветви имеют собственные рецепты и формы.
hbm_industry|Материалы|hbm_m:steel_ingot*8|Сталь для HBM|Откройте рецепт именно слитка HBM и подготовьте входы по его цепочке.|Сталь используется в промышленных деталях этой специализации.
hbm_industry|Материалы|hbm_m:advanced_alloy_ingot*4|Продвинутый сплав|Соберите сплав по доступной цепочке и отложите его для следующих деталей.|Дорогие компоненты требуют регулярной обработки металлов.
hbm_industry|Прессование|hbm_m:stamp_iron_plate|Штамп для пластин|Найдите рецепт штампа в JEI и установите нужную оснастку в пресс.|Прессу нужен инструмент операции, а не только металл.
hbm_industry|Прессование|hbm_m:plate_iron*8|Первая партия пластин|Испытайте прессование железа выбранной оснасткой и сохраните выход.|Пластины входят в корпуса и промышленные детали.
hbm_industry|Прессование|hbm_m:plate_copper*8|Медная партия|Повторите обработку с медью и проверьте смену входов.|Проводящие материалы нужны электронике HBM.
hbm_industry|Прессование|hbm_m:plate_lead*8|Свинцовые пластины|Подготовьте отдельную партию пластин и держите её рядом со свинцовой мастерской.|Подходящая форма металла важна для следующего рецепта.
hbm_industry|Прессование|hbm_m:plate_steel*8|Стальные пластины|Организуйте повторяемую подачу стали и забирайте готовый выход отдельно.|Снабжение промышленной ветви становится серийным.
hbm_industry|Прессование|hbm_m:plate_gold*4|Тонкие компоненты электроники|Получите золотые пластины по доступному рецепту.|Электронные детали расходуют несколько видов металлов.
hbm_industry|Электроника|hbm_m:motor|Мотор HBM|Подготовьте компоненты мотора по рецепту этой ветви.|Моторы нужны механизмам HBM и отличаются от моторов GregTech.
hbm_industry|Электроника|hbm_m:analog_circuit*4|Аналоговые схемы|Изготовьте схему по доступной операции и храните готовые детали отдельно.|Следующие устройства требуют электроники.
hbm_industry|Электроника|hbm_m:integrated_circuit*4|Интегральные схемы|Проследите входы схемы через JEI и подготовьте полноценную цепочку материалов.|Электроника развивается от простых деталей к сложным.
hbm_industry|Электроника|hbm_m:advanced_circuit*2|Развитая электроника|Подготовьте дорогую партию после освоения предыдущих деталей.|Большую стоимость удобнее покрывать устойчивым производством.
hbm_industry|Хозяйство|hbm_m:crate_steel|Промышленный запас|Разделите стальной ящик на оснастку, входные металлы и готовые компоненты.|Рабочее место остаётся понятным при увеличении числа рецептов.
hbm_industry|Хозяйство|hbm_m:reinforced_glass*8|Окна промышленной зоны|Подготовьте стекло и предусмотрите обзор рабочих мест в планировке.|Строительство делает промышленную зону удобной для команды.
hbm_industry|Хозяйство|hbm_m:concrete_hazard*16|Разметить рабочие проходы|Выберите место промышленной зоны и разметьте проходы блоками.|Мастерская должна оставлять доступ к обслуживанию оборудования.
hbm_industry|Хозяйство|hbm_m:deco_steel_scaffold*8|Сервисная площадка|Соберите настил у станков и оставьте удобный подход к запасам.|Большое производство требует продуманной планировки.
hbm_industry|Проект|~|Серия HBM без путаницы|Получите пластины и схемы двумя последовательными партиями; подпишите ящики и сохраните оснастку.|Освоение ветви завершается воспроизводимым снабжением.
industrial_prep|Руда и инструменты|gtceu:flint_knife|Инструмент раннего GregTech|Создайте кремнёвый нож и посмотрите доступные с ним ремесленные рецепты.|Ручные инструменты помогают начать индустрию до электричества.
industrial_prep|Руда и инструменты|gtceu:iron_hammer|Молот металлурга|Подготовьте молот и попробуйте ручную обработку подходящего материала.|Инструменты позволяют получить первые формы металлов.
industrial_prep|Руда и инструменты|gtceu:iron_file|Напильник|Проследите рецепты, где нужен напильник, и храните его у верстака.|Ранняя индустрия опирается на разовую оснастку и сменные материалы.
industrial_prep|Руда и инструменты|gtceu:iron_saw|Пила|Изготовьте пилу и проверьте несколько доступных ручных рецептов.|Ручная обработка предшествует специализированным станкам.
industrial_prep|Руда и инструменты|gtceu:iron_screwdriver|Отвёртка|Подготовьте инструмент и прочитайте подсказки настройки машин.|Стороны станка настраиваются под входы и выходы линии.
industrial_prep|Руда и инструменты|gtceu:iron_wrench|Ключ для станков|Изготовьте ключ и научитесь изменять рабочую сторону машины.|Планировка должна учитывать доступ к каждому направлению.
industrial_prep|Бронза и пар|gtceu:bronze_plate*16|Пластинчатый запас|Изготовьте бронзовые пластины ранним доступным способом.|Паровые машины используют бронзовую основу.
industrial_prep|Бронза и пар|gtceu:bronze_brick_casing*8|Корпуса паровой площадки|Подготовьте корпуса для выбранной конструкции по её рецепту.|Многоблочные устройства требуют цельного основания.
industrial_prep|Бронза и пар|gtceu:lp_steam_solid_boiler|Первый котёл GregTech|Поставьте котёл, подготовьте воду и топливо и организуйте выход пара.|Пар питает ранние станки этой ветви.
industrial_prep|Бронза и пар|gtceu:bronze_normal_fluid_pipe*16|Паровая разводка|Сверьте допустимые параметры трубы и подведите пар к станкам.|Транспорт пара должен соответствовать выбранному оборудованию.
industrial_prep|Бронза и пар|gtceu:lp_steam_macerator|Паровой измельчитель|Подайте пар и обработайте одну подходящую руду.|Первая машинная обработка развивает сырьевое снабжение.
industrial_prep|Бронза и пар|gtceu:lp_steam_alloy_smelter|Паровые сплавы|Подготовьте входы одного нужного сплава и проверьте серийный выход.|Сплавы связывают добычу с изготовлением компонентов.
industrial_prep|Бронза и пар|gtceu:lp_steam_compressor|Паровое сжатие|Проведите одну операцию сжатия и отложите нужный результат для следующего рецепта.|Отдельные формы материалов требуют отдельной машины.
industrial_prep|Бронза и пар|gtceu:lp_steam_furnace|Паровая плавка|Сравните снабжение печи паром с запасом топлива котла.|Обработка должна работать дольше одной случайной партии.
industrial_prep|Подготовка LV@5|gtceu:lv_electric_motor*2|Два первых мотора LV|Подготовьте провода и механические детали по рецепту.|Моторы входят в несколько первых электрических станков.
industrial_prep|Подготовка LV@5|gtceu:tin_single_cable*16|Кабель подходящего напряжения|Прочитайте параметры кабеля и подключите отдельную линию LV.|Сети GregTech подбираются по напряжению и количеству ампер.
industrial_prep|Подготовка LV@5|gtceu:lv_battery_buffer_4x|Буфер первой сети|Установите подходящие батареи и проверьте запас под нагрузкой.|Генератор и потребление не всегда совпадают во времени.
industrial_prep|Подготовка LV@5|~|Пар под непрерывной нагрузкой|Дождитесь окончания двух партий подряд, наблюдая запас пара и воды.|Стабильное снабжение позволяет развивать первый завод.
expedition|Снаряжение|minecraft:white_bed*4|Место возвращения|Подготовьте кровати и установите точку возвращения на общей базе.|После неудачного похода команда сможет быстро собраться снова.
expedition|Снаряжение|minecraft:iron_pickaxe|Инструмент разведчика|Возьмите подходящую кирку и запас прочности для найденных материалов.|Экспедиция должна возвращать полезное сырьё.
expedition|Снаряжение|minecraft:water_bucket|Вода в походе|Подготовьте ведро и потренируйтесь пользоваться водой на безопасной площадке.|Полезный инструмент помогает проходить сложный рельеф.
expedition|Снаряжение|minecraft:oak_boat|Речной маршрут|Соберите лодку и отметьте удобный водный путь от базы.|Водный транспорт сокращает время разведки.
expedition|Снаряжение|minecraft:compass|Ориентир возвращения|Сравните показания компаса с записанными координатами базы.|Разведчику нужен понятный обратный маршрут.
expedition|Снаряжение|minecraft:map|Карта участка|Создайте карту и исследуйте участок вокруг базы.|Записывайте направления к ресурсам и найденным сооружениям.
expedition|Снаряжение|minecraft:lead*2|Перевозка животных|Подготовьте поводки и организуйте отдельное место для животных на базе.|Животноводство поддерживает еду и ремесленные материалы.
expedition|Нижний мир|minecraft:flint_and_steel|Портал и обратный путь|Подготовьте огниво, обсидиан для портала и ориентир на обеих сторонах.|Нижний мир снабжает латунь и следующие производства.
expedition|Нижний мир|minecraft:golden_boots|Подготовка к местным жителям|Подберите защиту для похода и изучите поведение местных существ.|Исследование измерения требует собственной подготовки.
expedition|Нижний мир|minecraft:blaze_rod*4|Стержни для следующего ремесла|Найдите крепость, подготовьте укрытия и получите стержни всполохов.|Стержни развивают зельеварение и дальнейшие экспедиции.
expedition|Нижний мир|minecraft:nether_wart*8|Плантация адского нароста|Найдите нарост и песок душ; оставьте посадочный резерв у базы.|Расходники зельеварения должны возобновляться.
expedition|Нижний мир|minecraft:brewing_stand|Походные зелья|Поставьте варочную стойку и изучите порядок основы и ингредиентов.|Зелья дают дополнительный вариант подготовки команды.
expedition|Нижний мир|minecraft:ghast_tear|Материал дальнего похода|Выберите безопасную площадку для боя с гастом и сохраните добычу.|Редкие материалы расширяют зельеварение и ремесло.
expedition|Край|minecraft:ender_eye*4|Подготовка поиска крепости|Изготовьте глаза, подготовьте еду и отметьте исходную точку маршрута.|Край открывает новые ресурсы и предметы хранения записей.
expedition|Край|minecraft:chorus_fruit*8|Первые плоды хоруса|После доступа в Край соберите хорус и сохраните материал для Hex.|Магические ветви используют ресурсы разных измерений.
expedition|Возвращение|~|Разведка с результатом|Вернитесь с ресурсами, координатами одной структуры и понятным маршрутом для команды.|Разведка должна превращаться в совместный следующий поход.
magic_advanced|Сеть Botania@3|botania:elven_spreader|Эльфийская передача|Соберите распространитель после открытия торговли и сравните работу линии маны.|Позднее ремесло нуждается в развитой передаче.
magic_advanced|Сеть Botania@3|botania:gaia_pylon*2|Площадка испытания Гайи|Изучите конструкцию ритуала в Лексике и подготовьте нужные пилоны.|Испытание Botania развивает собственную ветвь школы.
magic_advanced|Сеть Botania@3|botania:gaia_ingot|Материал после испытания|Пройдите доступное испытание Гайи и изготовьте слиток по её цепочке.|Трофей расширяет ремесло Botania.
magic_advanced|Инструменты Botania@3|botania:terrasteel_helmet|Головная часть террастальной защиты|Подготовьте настроенный металл с материалом Lothric и выберите нужную часть комплекта.|Защита развивается через ману и экспедиционные материалы.
magic_advanced|Инструменты Botania@3|botania:terrasteel_leggings|Нижняя часть террастальной защиты|Соберите часть комплекта по действующему рецепту и сравните свойства экипировки.|Части защиты можно выбирать по своей роли.
magic_advanced|Инструменты Botania@3|botania:terrasteel_boots|Обувь террастального комплекта|Подготовьте необходимые руны, веточки и настроенный металл по рецепту.|Закончите выбранный комплект, сохраняя расходный запас маны.
magic_advanced|Инструменты Botania@3|botania:terra_sword|Терра-клинок|Изучите рецепт и расход маны инструмента; испытайте удар на обычной цели.|Магическое оружие требует собственного снабжения.
magic_advanced|Развитые книги@6|irons_spellbooks:netherite_mage_helmet|Защита развитого заклинателя|Подготовьте усиленный незерит с материалом Cinder и необходимую основу.|Поздняя защита связывает производство, магию и общий этап.
magic_advanced|Развитые книги@6|irons_spellbooks:netherite_mage_leggings|Экипировка для дорогой ротации|Изготовьте выбранную часть и сравните характеристики вместе с книгой.|Важен совместный результат экипировки и заклинаний.
magic_advanced|Развитые книги@6|irons_spellbooks:netherite_mage_boots|Закончить выбранный комплект|Подготовьте последнюю необходимую часть своей защиты.|Команде нужны законченные роли перед поздней экспедицией.
magic_advanced|Полет Botania@6|botania:flight_tiara|Тиара после электрического развития|Подготовьте корпус EV для изменённого рецепта и проверьте снабжение маной.|Полёт Botania связан с промышленным и магическим развитием.
magic_advanced|Развитие M&A@6|mna:ornate_table|Поздняя мастерская M&A|Изучите доступные рецепты своей ступени Occulus и подготовьте рабочее место.|Школа продолжает собственное развитие вместе с общим маршрутом.
magic_advanced|Развитие M&A@7|mna:spectral_crafting_table|Спектральное ремесло|Сверьте требования школы и выбранного рецепта в Codex Arcana.|Поздние инструменты требуют освоения M&A, а не только трофея босса.
magic_advanced|Снабжение Hex@7|hexcasting:spellbook|Полная книга записей|Подготовьте хорус и остальные компоненты; сохраните проверенные записи по разделам.|Большой архив облегчает обслуживание сложной магии.
magic_advanced|Командная практика@7|~|Развитая поддержка вчетвером|Испытайте роли на доступном обычном противнике: защита, нанесение урона, лечение и снабжение.|Позднее снаряжение полезно, когда игроки умеют работать вместе.
combat_roles|Оружие|simplyswords:iron_longsword|Первый клинок Simply Swords|Соберите железный клинок, включите боевой режим Epic Fight и испытайте обычную серию ударов.|Познакомьтесь с боевой системой до дорогой экипировки.
combat_roles|Оружие|simplyswords:iron_spear|Древковая роль|Сравните дистанцию и поведение копья с клинком на обычной цели.|Тип оружия определяет удобную позицию в бою.
combat_roles|Оружие|simplyswords:iron_katana|Подвижный боец|Испытайте доступную серию катаны и выберите удобный момент уклонения.|Бой строится вокруг движений, а не только числа урона.
combat_roles|Оружие|simplyswords:iron_greathammer|Тяжёлая роль|Сравните длительность тяжёлого удара с быстрым оружием.|Сильный замах требует подходящего окна атаки.
combat_roles|Оружие|simplyswords:iron_rapier|Быстрые серии|Проверьте несколько последовательных ударов рапиры и собственную позицию.|Быстрое оружие помогает сравнить стили Epic Fight.
combat_roles|Снабжение|minecraft:shield|Защита ближнего бойца|Испытайте щит вместе с выбранным оружием и настройте управление.|Рабочая защита важна на протяжении экспедиции.
combat_roles|Снабжение|minecraft:bow|Роль дальнего боя|Подготовьте лук и стрелы и испытайте попадания на разных расстояниях.|Команде полезна возможность атаковать удалённую цель.
combat_roles|Снабжение|minecraft:arrow*32|Боезапас лучника|Пополните запас из доступных материалов и выделите место для него в походной укладке.|Дальний бой нуждается в повторяемом снабжении.
combat_roles|Снабжение|minecraft:golden_carrot*8|Боевой запас еды|Выберите сытную еду и подготовьте запас перед испытанием.|Во время боя должно оставаться время на движение и защиту.
combat_roles|Руны@3|simplyswords:runic_longsword|Клинок с рунической способностью|Изучите описание выбранной руны и испытайте обычный удар отдельно от дополнительного эффекта.|Руна дополняет оружие отдельной механикой.
combat_roles|Руны@3|simplyswords:runic_spear|Руническое копьё|Подберите эффект под дальность оружия и роль в группе.|Одна и та же руна не обязательно удобна для всех форм оружия.
combat_roles|Руны@3|simplyswords:runic_greathammer|Тяжёлое руническое оружие|Проверьте способность на обычной цели и сохраните окно для выхода из замаха.|Экипировка должна соответствовать боевому стилю игрока.
combat_roles|Командная практика|~|Проверить управление|Назначьте удобные клавиши боевого режима, навыка оружия и уклонения; испытайте их на площадке.|Понятное управление важнее редкого оружия в незнакомом бою.
combat_roles|Командная практика|~|Поддержка и ближний бой|Испытайте лечение союзника, пока тот отвлекает обычную цель, и выберите сигнал для отступления.|Командные действия освобождают окна для длинных кастов.
combat_roles|Поздние роли@7|~|Ротация массовых навыков|Проверьте доступный массовый навык на учебной цели и дождитесь полного отката перед повтором.|Kill Aura II сохраняет действие 12,5 секунды и имеет паузу после него 30 секунд.
combat_roles|Поздние роли@7|~|Сравнить усиления|При одинаковом оружии сравните силу атаки и магическую силу на доступных способностях.|Imbued использует магические бонусы; летающий меч Sword Soaring использует силу атаки.
building|План базы|minecraft:torch*32|Свет на рабочих местах|Осветите жилую зону, склад и путь между мастерскими; проверьте тёмные углы ночью.|Рабочие места должны оставаться безопасными во время производства.
building|План базы|minecraft:oak_sign*4|Подписи для команды|Подпишите четыре зоны базы и места общих расходников.|Другой игрок должен найти нужное место без устного объяснения.
building|План базы|~|Схема расширения|Отведите место под кухню, магию, пар и электричество; оставьте проходы и запас площади для многоблоков.|Первая база должна допускать рост производства.
building|Chipped|chipped:carpenters_table|Деревянная палитра|Поставьте стол плотника; вставьте обычные доски и выберите три варианта отделки.|Одно дерево даёт несколько подходящих текстур для пола и стен.
building|Chipped|chipped:mason_table|Каменная палитра|Откройте стол каменщика с каменными блоками; сравните крупные и мелкие узоры на пробной стене.|Пробный участок помогает выбрать отделку до массового изготовления.
building|Chipped|chipped:glassblower|Окна мастерской|Обработайте стекло на рабочем месте стеклодува; выберите прозрачную отделку для окна.|Через окна удобно наблюдать за механизмами.
building|Chipped|chipped:botanist_workbench|Зелёный двор|Проверьте доступные варианты растений и природных блоков в столе ботаника; оформите край огорода.|Декор помогает отделить пищевую зону от промышленной.
building|Chipped|chipped:loom_table|Текстиль и цвет|Подберите варианты шерсти или подходящих текстильных блоков через стол ткача.|Разные цвета обозначают назначения комнат и маршрутов.
building|Chipped|chipped:alchemy_bench|Свет и особые материалы|Вставьте подходящий блок по списку применений JEI и выберите декоративный вариант.|Особая отделка выделяет входы и важные места базы.
building|Chipped|chipped:tinkering_table|Детали интерьера|Проверьте варианты подходящих технических блоков и соберите пробный угол мастерской.|Рабочие столы Chipped обслуживают разные группы материалов.
building|FramedBlocks|framedblocks:framed_cube*16|Каркас и облицовка|Поставьте каркасный куб и примените к нему выбранный материал; сравните внешний вид с исходным блоком.|Каркас позволяет отделить форму конструкции от её текстуры.
building|FramedBlocks|framedblocks:framed_slab*8|Половинная высота|Облицуйте каркасные плиты тем же материалом, что пол, и оформите край площадки.|Плиты помогают выровнять проходы и переходы высоты.
building|FramedBlocks|framedblocks:framed_stairs*8|Лестница между этажами|Соберите лестницу с площадкой; проверьте подъём и проход в обе стороны.|Команда должна свободно ходить между мастерскими.
building|FramedBlocks|framedblocks:framed_slope*8|Наклонная крыша|Проверьте направление установки склонов на небольшом образце; затем облицуйте крышу.|Склоны дают более плавную форму крыши.
building|FramedBlocks|framedblocks:framed_panel*8|Тонкие перегородки|Разделите склад и проход панелями; убедитесь, что двери и рабочие места доступны.|Тонкая форма экономит место внутри помещений.
building|FramedBlocks|framedblocks:framed_pillar*8|Опоры и колонны|Подберите положение столбов для входа или навеса; нанесите общую отделку.|Повторяющиеся опоры связывают помещения общей палитрой.
building|FramedBlocks|framedblocks:framed_fence*8|Ограждение площадки|Оградите край верхнего этажа или опасный участок мастерской.|Ограждение делает маршруты понятнее и безопаснее.
building|FramedBlocks|framedblocks:framed_door|Вход в помещение|Установите дверь и проверьте открывание из обеих соседних зон.|Форма дверей должна соответствовать проходам базы.
building|Проекты|minecraft:chest*8|Подписанный общий склад|Разделите сундуки на еду, сырьё, детали и магические расходники; подпишите группы.|Ранняя сортировка облегчит переход к сетевому складу.
building|Проекты|~|Мастерская с обслуживанием|Постройте рабочую линию, оставив доступ к входам, выходам, приводу и выключателю; попросите товарища пройти вдоль неё.|Красивое помещение должно позволять ремонтировать производство.
building|Проекты|~|Дом четырёх игроков|Подготовьте четыре места отдыха, общий запас еды и понятный выход к складу; проверьте маршрут от точки появления.|Завершённая база служит всей команде.
demo|Как читать книгу|~|Найти рецепт и применения|Откройте предметную задачу, найдите её предмет в JEI и нажмите R. Затем нажмите U и найдите следующий продукт цепочки; проверьте назначение клавиш в управлении.|Вы сможете самостоятельно искать входы и назначение новых компонентов.
demo|Как читать книгу|~|Общая команда и общий зачёт|Откройте FTB Teams, пригласите всех участников и убедитесь, что они приняли приглашение. Сравните у двух игроков прогресс первого задания.|Общие квесты должны продвигаться в одной команде с начала игры.
demo|Как читать книгу|~|Предмет, упражнение и победа|Найдите по одной предметной задаче, ручному упражнению и победе в кампании. Прочитайте условия; ручная отметка не заменяет убийство босса или открытие этапа.|Разные виды задач проверяют разные результаты, поэтому одной галочкой нельзя открыть всю прогрессию.
